,pass,prob_exmpt,s_time,sales_change,prop_change,prop_levy_change,debt_change,rev_time,ss_open,ss_no waiver,ss_sales,ss_property,ss_nontax,ss_value,ss_transfer,ss_nonproperty,ss_tourism,ss_unknown,ss_library,ss_gaming,ss_development,infrastructure,open,public safety,economic development,unspecified,environment,hss,education,tourism,no waiver,administrative,limited,agriculture,unknown,choice,intensity_stock,prop_ratio,cty_rev_prop
0,1,0.3834341143818375,0.0,0.5,0.0,0.0,0.0,99.0,0,1,0,0,0,0,0,0,0,0,0,0,0,0,0,1,0,0,0,0,0,0,1,0,0,0,0,0,0.0,0.7605301199087113,0.18711589642417087
1,0,0.37090197302112954,99.0,0.0,1.7,0.0,0.0,99.0,1,0,0,0,0,0,0,0,0,0,0,0,0,0,1,0,0,0,0,0,1,0,0,0,0,0,0,0,0.06854643119708265,0.8387235620515235,0.1815578700533585
2,0,0.37090197302112954,0.0,0.2,0.0,0.0,0.0,15.0,0,1,0,0,0,0,0,0,0,0,0,0,0,0,0,0,0,0,1,0,0,0,1,0,0,0,0,0,0.06854643119708265,0.8387235620515235,0.1815578700533585
3,0,0.37090197302112954,0.0,0.0,0.0,0.0,42710000.0,99.0,0,1,0,0,0,0,0,0,0,0,0,0,0,0,0,0,0,0,1,0,0,0,1,0,0,0,0,0,0.06854643119708265,0.8387235620515235,0.1815578700533585
4,1,0.37090197302112954,0.0,0.5,0.0,0.0,0.0,4.0,0,1,0,0,0,0,0,0,0,0,0,0,0,0,0,1,0,0,0,0,0,0,1,0,0,0,0,0,0.06854643119708265,0.8387235620515235,0.1815578700533585
5,1,0.39993120990576614,0.0,0.2,0.0,0.0,0.0,99.0,0,1,0,0,0,0,0,0,0,0,0,0,0,0,0,0,0,0,1,0,0,0,1,0,0,0,0,0,0.17360670422542535,0.8616342583024075,0.16909454818381722
6,1,0.4183845611210736,99.0,0.0,0.0,0.0,0.0,99.0,1,0,0,0,0,0,0,0,0,0,0,0,0,0,0,0,0,0,0,0,1,0,0,0,0,0,0,0,0.20545313757181127,0.8679668080320416,0.2016495870465041
7,1,0.42149454548614584,99.0,0.5,0.0,0.0,0.0,7.0,1,0,0,0,0,0,0,0,0,0,0,0,0,1,1,0,0,0,0,0,0,0,0,0,0,0,0,0,0.3701389721000117,0.9048673559208376,0.2018902174551709
8,1,0.282363675791184,99.0,0.0,0.0,0.0,0.0,99.0,1,0,0,0,0,0,0,0,0,0,0,0,0,0,1,0,0,0,0,0,0,0,0,0,0,0,0,0,0.0,0.8979761992806994,0.20575134811412712
9,0,0.282363675791184,99.0,0.0,2.438,0.0,0.0,25.0,1,0,0,0,0,0,0,0,0,0,0,0,0,0,1,0,0,0,0,0,1,0,0,0,0,0,0,0,0.0,0.8979761992806994,0.20575134811412712
10,1,0.5890198209831424,99.0,0.05,0.0,0.0,0.0,20.0,1,0,0,0,0,0,0,0,0,0,0,0,0,0,1,0,0,0,1,0,0,0,0,0,0,0,0,0,0.0,0.9395622718086692,0.2146838042255655
11,1,0.5886456409300097,99.0,0.5,0.0,0.0,0.0,20.0,1,0,0,0,0,0,0,0,0,0,0,0,0,1,1,1,0,0,0,0,0,0,0,0,0,0,0,0,0.0,0.9689621893487677,0.20959575664723396
12,1,0.5873093911820789,99.0,0.0,0.0,0.0,0.0,99.0,1,0,0,0,0,0,0,0,0,0,0,0,0,0,1,0,0,0,0,0,0,0,0,0,0,0,0,0,0.0,0.4785349081222384,0.2531314152603276
13,0,0.5865384088489712,0.0,0.0,0.0,0.0,0.0,99.0,0,1,0,0,0,0,0,0,0,0,0,0,0,0,1,0,0,0,0,0,0,0,1,0,0,0,0,0,0.0,0.5093497079062599,0.2480481590187577
14,1,0.5858373262797939,0.0,4.0,0.0,0.0,0.0,99.0,0,1,0,0,0,0,0,0,0,0,0,0,0,0,0,0,0,0,0,0,0,1,1,0,0,0,0,0,0.0,0.44251301616031663,0.2643109355994919
15,1,0.5858373262797939,99.0,0.0,0.0,0.0,0.0,99.0,0,0,0,0,0,0,0,0,1,0,0,0,0,0,1,0,0,0,0,0,0,0,0,0,0,0,0,0,0.0,0.44251301616031663,0.2643109355994919
16,0,0.585300994213943,99.0,1.0,0.0,0.0,0.0,13.0,1,0,0,0,0,0,0,0,0,0,0,0,0,0,1,1,0,0,0,0,0,0,0,0,0,0,0,0,0.0,0.5206032600945234,0.265025816610959
17,0,0.5635296587871164,99.0,0.0,0.0,0.0,0.0,99.0,0,0,0,0,0,0,0,0,0,1,0,0,0,0,1,0,0,0,0,0,0,0,0,0,0,0,0,0,0.0,1.2121309926553825,0.11267076542655705
18,1,0.5635296587871164,0.0,0.0,0.9,0.0,0.0,99.0,0,1,0,0,0,0,0,0,0,0,0,0,0,0,0,1,0,0,0,0,0,0,1,0,0,0,0,0,0.0,1.2121309926553825,0.11267076542655705
19,0,0.5635296587871164,0.0,0.0,1.8,0.0,0.0,99.0,0,1,0,0,0,0,0,0,0,0,0,0,0,1,0,0,0,0,0,0,0,0,1,0,0,0,0,0,0.0,1.2121309926553825,0.11267076542655705
20,1,0.6576075633851581,99.0,0.0,0.0,0.0,0.0,99.0,0,0,0,0,1,0,0,0,0,0,0,0,0,0,1,0,0,0,0,0,0,0,0,0,0,0,0,0,0.0295516331318062,1.253886790301461,0.11289236597961412
21,0,0.6576075633851581,0.0,0.2,0.0,0.0,0.0,99.0,0,1,0,0,0,0,0,0,0,0,0,0,0,0,0,1,0,0,0,0,0,0,1,0,0,0,0,0,0.0295516331318062,1.253886790301461,0.11289236597961412
22,1,0.832894793157181,0.0,0.0,0.0,0.0,14000000.0,99.0,0,1,0,0,0,0,0,0,0,0,0,0,0,0,0,1,0,0,0,0,0,0,1,0,0,0,0,0,0.14142424155645886,1.03377224521663,0.11610715090869858
23,1,0.9895270854601433,0.0,0.0,1.0,0.0,0.0,99.0,0,1,0,0,0,0,0,0,0,0,0,0,0,0,0,0,0,0,0,1,0,0,1,0,0,0,0,0,0.4671559307393973,0.9789965226824036,0.11146849022502237
24,1,0.628485934529769,99.0,0.25,0.0,0.0,0.0,10.0,1,0,0,0,0,0,0,0,0,0,0,0,0,0,1,0,0,0,1,0,0,0,0,0,0,0,0,0,0.3698798381533476,1.0951542850599243,0.11902653938870272
25,0,0.5874428434572265,0.0,0.0,0.0394,0.0,0.0,99.0,0,1,0,0,0,0,0,0,0,0,0,0,0,1,0,0,0,0,0,0,0,0,1,0,0,0,0,0,0.0,0.672166372074897,0.2721595208070618
26,0,0.587302120642718,0.0,0.03,0.0,0.0,0.0,10.0,0,1,0,0,0,0,0,0,0,0,0,0,0,0,0,0,0,0,0,1,0,0,1,0,0,0,0,0,0.011881114269217391,0.678823224425769,0.2596102802238939
27,1,0.587302120642718,0.0,2.0,0.0,0.0,0.0,7.0,0,1,0,0,0,0,0,0,0,0,0,0,0,1,0,0,0,0,0,0,0,0,1,0,0,0,0,0,0.011881114269217391,0.678823224425769,0.2596102802238939
28,1,0.587302120642718,4.0,0.0,0.0,0.0,0.0,99.0,1,0,0,0,0,0,0,0,0,0,0,0,0,0,1,0,0,0,0,0,0,0,0,0,0,0,0,0,0.011881114269217391,0.678823224425769,0.2596102802238939
29,0,0.5886171645392184,0.0,0.0,6.5,0.0,0.0,5.0,0,1,0,0,0,0,0,0,0,0,0,0,0,1,0,0,0,0,0,0,0,0,1,0,0,0,0,0,0.2142937133277986,0.7017825923742611,0.24494076975147475
30,0,0.5886171645392184,99.0,0.0,0.0,0.0,0.0,99.0,1,0,0,0,0,0,0,0,0,0,0,0,0,0,1,0,0,0,0,0,0,0,0,0,0,0,0,0,0.2142937133277986,0.7017825923742611,0.24494076975147475
31,1,0.5891278620831026,99.0,0.0,0.0,0.0,0.0,99.0,0,0,0,1,0,0,0,1,0,0,0,0,0,0,1,0,0,0,0,0,0,0,0,0,0,0,0,0,0.4140497918020792,0.7570867270702244,0.2466279785795186
32,0,0.5889626162769976,99.0,4.0,0.0,0.0,0.0,99.0,1,0,0,0,0,0,0,0,0,0,0,0,0,0,1,0,0,1,0,0,0,0,0,0,0,0,0,0,0.4125367305526913,0.7968249528257101,0.26824096859430785
33,1,0.5877112445558659,99.0,0.0,0.0,0.0,0.0,8.0,1,0,0,0,0,0,0,0,0,0,0,0,0,1,1,0,0,0,0,0,0,0,0,0,0,0,0,0,0.4623474898619624,0.7570741365138738,0.2665123361926849
34,0,0.5880788361493563,99.0,4.0,0.0,0.0,0.0,99.0,1,0,0,0,0,0,0,0,0,0,0,0,0,0,1,0,0,0,1,0,0,0,0,0,0,0,0,0,0.5806412845847985,0.9617246383596274,0.2451523606648973
35,1,0.5885866294534532,99.0,0.0,0.0,0.0,0.0,4.0,0,0,0,1,0,0,0,0,0,0,0,0,0,0,1,0,0,0,0,0,0,0,0,0,0,0,0,0,0.5701480030033281,0.7275365610828254,0.3088276405842996
36,1,0.5864760032509557,99.0,2.0,0.0,0.0,0.0,99.0,0,0,1,0,0,0,0,0,0,0,0,0,0,1,1,0,0,0,0,0,0,0,0,0,0,0,0,0,0.917986371821474,0.7449602862086856,0.3281345833333333
37,1,0.5856170865627278,99.0,0.0,0.0,0.0,0.0,99.0,1,0,0,0,0,0,0,0,0,0,0,0,0,0,1,0,0,0,0,0,0,0,0,0,0,0,0,0,0.0,0.11173490110539593,0.2528954047003553
38,0,0.5843002954950812,99.0,1.0,0.0,0.0,0.0,99.0,1,0,0,0,0,0,0,0,0,0,0,0,0,0,1,0,0,1,0,0,0,0,0,0,0,0,0,0,0.0,0.10738438982542026,0.20165238205543973
39,0,0.5843002954950812,99.0,0.0,0.0,0.0,0.0,99.0,0,0,0,1,0,0,0,0,0,0,0,0,0,0,1,0,0,0,0,0,0,0,0,0,0,0,0,0,0.0,0.10738438982542026,0.20165238205543973
40,1,0.5884203705864873,99.0,0.0,0.0,0.0,0.0,99.0,0,0,0,1,0,0,0,0,0,0,0,0,0,0,1,0,0,0,0,0,0,0,0,0,0,0,0,0,0.0,0.09857409501865096,0.2265993498809541
41,0,0.5883741943824925,99.0,0.0,0.0,300000.0,0.0,99.0,1,0,0,0,0,0,0,0,0,0,0,0,0,0,1,0,0,1,0,0,0,0,0,0,0,0,0,0,0.004271013283856692,0.09794557805559237,0.2087063563823775
42,1,0.5846590156039193,99.0,0.0,0.0,0.0,0.0,99.0,1,0,0,0,0,0,0,0,0,0,0,0,0,0,1,0,0,0,0,0,0,0,0,0,0,0,0,0,0.0,0.19252095363876115,0.2744229154080776
43,1,0.5838220354673619,0.0,0.0,1.5,0.0,0.0,30.0,0,1,0,0,0,0,0,0,0,0,0,0,0,0,0,0,0,0,1,0,0,0,1,0,0,0,0,0,0.2862468839733192,0.16024924692021586,0.197537889769608
44,0,0.5882859986765604,99.0,0.0,2.5,0.0,0.0,99.0,1,0,0,0,0,0,0,0,0,0,0,0,0,1,1,0,0,0,0,0,0,0,0,0,0,0,0,0,0.15969254990991416,0.14929169112593293,0.226300686394942
45,1,0.43832262799922855,0.0,0.25,0.0,0.0,0.0,99.0,0,1,0,0,0,0,0,0,0,0,0,0,0,0,0,0,0,0,1,0,0,0,1,0,0,0,0,0,0.0,1.1146801463576173,0.18991693962455605
46,1,0.4258052241551168,0.0,0.01,0.0,0.0,0.0,7.0,0,1,0,0,0,0,0,0,0,0,0,0,0,0,0,0,0,0,1,0,0,0,1,0,0,0,0,0,0.0,1.1546973193964312,0.20030100037704066
47,1,0.42501086031450236,0.0,0.0,0.0,0.0,35000000.0,99.0,0,1,0,0,0,0,0,0,0,0,0,0,0,0,0,0,0,0,1,0,0,0,1,0,0,0,0,0,0.09222053236619487,1.2085803696421884,0.19621071134610288
48,0,0.42501086031450236,0.0,0.01,0.0,0.0,0.0,10.0,0,1,0,0,0,0,0,0,0,0,0,0,0,0,0,0,0,0,0,1,0,0,1,0,0,0,0,0,0.09222053236619487,1.2085803696421884,0.19621071134610288
49,1,0.4259764998737578,1.0,0.1,0.0,0.0,0.0,99.0,1,0,0,0,0,0,0,0,0,0,0,0,0,0,1,0,0,0,1,0,0,0,0,0,0,0,0,0,0.07882883901564791,1.1756297235573796,0.19577282717250166
50,0,0.4259764998737578,0.0,0.1,0.0,0.0,0.0,10.0,0,1,0,0,0,0,0,0,0,0,0,0,0,0,0,0,0,0,0,1,0,0,1,0,0,0,0,0,0.07882883901564791,1.1756297235573796,0.19577282717250166
51,0,0.4259764998737578,0.0,0.0,1.0,0.0,0.0,99.0,0,1,0,0,0,0,0,0,0,0,0,0,0,1,0,0,0,0,0,0,0,0,1,0,0,0,0,0,0.07882883901564791,1.1756297235573796,0.19577282717250166
52,1,0.443186512589879,1.0,0.0,0.0,0.0,0.0,99.0,0,0,0,0,0,1,0,0,0,0,0,0,0,0,1,0,0,0,0,0,0,0,0,0,0,0,0,0,0.1082465861673167,1.1158033879596039,0.18807188762141785
53,1,0.443186512589879,99.0,0.0,0.0,0.0,0.0,99.0,0,0,0,0,1,0,0,0,0,0,0,0,0,0,1,0,0,0,0,0,0,0,0,0,0,0,0,0,0.1082465861673167,1.1158033879596039,0.18807188762141785
54,0,0.443186512589879,0.0,0.0,1.0,0.0,0.0,99.0,0,1,0,0,0,0,0,0,0,0,0,0,0,0,0,1,0,0,0,0,0,0,1,0,0,0,0,0,0.1082465861673167,1.1158033879596039,0.18807188762141785
55,1,0.443186512589879,0.0,0.0,0.0,0.0,35000000.0,99.0,0,1,0,0,0,0,0,0,0,0,0,0,0,0,0,0,0,0,1,0,0,0,1,0,0,0,0,0,0.1082465861673167,1.1158033879596039,0.18807188762141785
56,1,0.4891540166527081,0.0,0.2,0.0,0.0,0.0,2.0,0,1,0,0,0,0,0,0,0,0,0,0,0,0,0,0,0,0,0,1,0,0,1,0,0,0,0,0,0.11829427594527005,1.0949410036444378,0.1872479968539686
57,1,0.5165214723622272,0.0,0.25,0.0,0.0,0.0,99.0,0,1,0,0,0,0,0,0,0,0,0,0,0,0,0,0,0,0,1,0,0,0,1,0,0,0,0,0,0.2263870028723992,1.063365458514418,0.1972680766213389
58,1,0.5886605703037455,0.0,0.05,0.0,0.0,0.0,3.0,0,1,0,0,0,0,0,0,0,0,0,0,0,1,0,0,0,0,0,0,0,0,1,0,0,0,0,0,0.2952452587470328,1.006121666559321,0.19193685327345947
59,1,0.5886605703037455,0.0,0.1,0.0,0.0,80800000.0,8.0,0,1,0,0,0,0,0,0,0,0,0,0,0,0,0,0,0,0,1,0,0,0,1,0,0,0,0,0,0.2952452587470328,1.006121666559321,0.19193685327345947
60,1,0.5886605703037455,99.0,0.0,0.0,0.0,0.0,99.0,0,0,0,0,1,0,0,0,0,0,0,0,0,0,1,0,0,0,0,0,0,0,0,0,0,0,0,0,0.2952452587470328,1.006121666559321,0.19193685327345947
61,1,0.6172421689761313,0.0,0.05,0.0,0.0,0.0,3.0,0,1,0,0,0,0,0,0,0,0,0,0,0,0,0,1,0,0,0,0,0,0,1,0,0,0,0,0,0.3609585749066114,1.136221805480943,0.20337006723221
62,1,0.6172421689761313,0.0,0.1,0.0,0.0,0.0,7.0,0,1,0,0,0,0,0,0,0,0,0,0,0,1,0,0,0,0,0,0,0,0,1,0,0,0,0,0,0.3609585749066114,1.136221805480943,0.20337006723221
63,1,0.26885651915940156,99.0,0.0,1.5,0.0,0.0,99.0,1,0,0,0,0,0,0,0,0,0,0,0,0,0,1,0,0,0,0,1,0,0,0,0,0,0,0,0,0.3368381815423961,1.1778090113706432,0.18847633549430085
64,0,0.26885651915940156,0.0,0.25,0.0,0.0,90000000.0,20.0,0,1,0,0,0,0,0,0,0,0,0,0,0,1,0,0,0,0,0,0,0,0,1,0,0,0,0,0,0.3368381815423961,1.1778090113706432,0.18847633549430085
65,1,0.5815458774723813,0.0,0.05,0.0,0.0,0.0,5.0,0,1,0,0,0,0,0,0,0,0,0,0,0,0,0,0,0,0,0,1,0,0,1,0,0,0,0,0,0.3371256904244712,1.1910238775062991,0.1967536191896437
66,1,0.5815458774723813,0.0,0.05,0.0,0.0,4255000.0,99.0,0,1,0,0,0,0,0,0,0,0,0,0,0,1,0,1,0,0,0,0,0,0,1,0,0,0,0,0,0.3371256904244712,1.1910238775062991,0.1967536191896437
67,0,0.5815458774723813,3.0,0.0,0.0,0.0,0.0,99.0,1,0,0,0,0,0,0,0,0,0,0,0,0,0,1,0,0,0,0,0,0,0,0,0,0,0,0,0,0.3371256904244712,1.1910238775062991,0.1967536191896437
68,1,0.5845126511290657,0.0,0.1,0.0,0.0,60000000.0,20.0,0,1,0,0,0,0,0,0,0,0,0,0,0,0,0,0,0,0,1,0,0,0,1,0,0,0,0,0,0.3085679594886327,1.2044346668321295,0.1902823533919876
69,0,0.5845126511290657,0.0,0.03,0.0,0.0,0.0,10.0,0,1,0,0,0,0,0,0,0,0,0,0,0,0,0,1,0,0,0,0,0,0,1,0,0,0,0,0,0.3085679594886327,1.2044346668321295,0.1902823533919876
70,1,0.5845126511290657,99.0,0.0,4.7,0.0,0.0,99.0,1,0,0,0,0,0,0,0,0,0,0,0,0,0,1,0,0,0,0,1,0,0,0,0,0,0,0,0,0.3085679594886327,1.2044346668321295,0.1902823533919876
71,1,0.5867527577537227,99.0,0.0,0.0,0.0,0.0,99.0,1,0,0,0,0,0,0,0,0,0,0,0,0,0,1,0,0,0,0,0,0,0,0,0,0,0,0,0,0.2995803118860397,1.185655165133244,0.20409908978020327
72,0,0.5904265263096425,99.0,0.2,0.0,0.0,0.0,14.0,1,0,0,0,0,0,0,0,0,0,0,0,0,1,1,0,0,0,0,0,0,0,0,0,0,0,0,0,0.25609363907257565,1.207069486179529,0.2169757952220984
73,1,0.5937610721869266,0.0,0.1,0.0,0.0,40000000.0,20.0,0,1,0,0,0,0,0,0,0,0,0,0,0,0,0,0,0,0,1,0,0,0,1,0,0,0,0,0,0.3090543005947605,1.201330708435854,0.22145303170608124
74,1,0.5937610721869266,0.0,0.1,0.0,0.0,0.0,17.0,0,1,0,0,0,0,0,0,0,0,0,0,0,1,0,0,0,0,0,0,0,0,1,0,0,0,0,0,0.3090543005947605,1.201330708435854,0.22145303170608124
75,1,0.5960483268562801,0.0,0.0,0.0,0.0,40000000.0,99.0,0,1,0,0,0,0,0,0,0,0,0,0,0,1,0,0,0,0,0,0,0,0,1,0,0,0,0,0,0.2623236550637699,1.2135860446193425,0.22263398649864888
76,1,0.5960483268562801,0.0,0.05,0.0,0.0,0.0,10.0,0,1,0,0,0,0,0,0,0,0,0,0,0,0,0,0,0,0,0,1,0,0,1,0,0,0,0,0,0.2623236550637699,1.2135860446193425,0.22263398649864888
77,0,0.5828842410486037,0.0,0.25,0.0,0.0,50000000.0,15.0,0,1,0,0,0,0,0,0,0,0,0,0,0,0,0,0,0,0,1,0,0,0,1,0,0,0,0,0,0.2458953931504451,1.1731808913329715,0.21485030957656734
78,0,0.5828842410486037,0.0,0.0,0.0,0.0,85000000.0,99.0,0,1,0,0,0,0,0,0,0,0,0,0,0,1,0,0,0,0,0,0,0,0,1,0,0,0,0,0,0.2458953931504451,1.1731808913329715,0.21485030957656734
79,1,0.5828842410486037,0.0,0.0,0.0,0.0,6100000.0,99.0,0,1,0,0,0,0,0,0,0,0,0,0,0,1,0,0,0,0,0,0,0,0,1,0,0,0,0,0,0.2458953931504451,1.1731808913329715,0.21485030957656734
80,1,0.609343040310313,99.0,0.4,0.0,0.0,0.0,99.0,1,0,0,0,0,0,0,0,0,0,0,0,0,0,1,0,0,1,0,0,0,0,0,0,0,0,0,0,0.2579422214258547,0.6330326002516279,0.22802980437258666
81,1,0.609343040310313,99.0,0.0,0.0,0.0,0.0,99.0,0,0,1,0,0,0,0,0,0,0,0,0,0,0,0,0,0,0,1,0,0,0,0,0,0,0,0,0,0.2579422214258547,0.6330326002516279,0.22802980437258666
82,1,0.6810050086552399,99.0,0.0,0.0,0.0,0.0,99.0,0,0,0,0,1,0,0,0,0,0,0,0,0,0,1,0,0,1,0,0,0,0,0,0,0,0,0,0,0.023155033529822053,0.6431482886397503,0.7943164428129088
83,1,0.5794282581142522,99.0,0.0,0.0,0.0,0.0,99.0,1,0,0,0,0,0,0,0,0,0,0,0,0,0,1,0,0,0,0,0,0,0,0,0,0,0,0,0,0.0,0.8871721475840701,0.2510025068167825
84,0,0.5794282581142522,0.0,2.0,0.0,0.0,0.0,99.0,0,1,0,0,0,0,0,0,0,0,0,0,0,0,0,0,0,1,0,0,0,0,1,0,0,0,0,0,0.0,0.8871721475840701,0.2510025068167825
85,0,0.5829915950986613,0.0,2.0,0.0,0.0,0.0,20.0,0,1,0,0,0,0,0,0,0,0,0,0,0,0,0,1,0,0,0,0,0,0,1,0,0,0,0,0,0.5700281641993994,0.8168937363196324,0.2116599195961107
86,0,0.5861994850181728,0.0,2.0,0.0,0.0,0.0,99.0,0,1,0,0,0,0,0,0,0,0,0,0,0,0,0,0,0,0,1,0,0,0,1,0,0,0,0,0,0.7723741232422023,0.7596082176306294,0.2383695102612021
87,1,0.5857401363495899,99.0,0.0,0.5,0.0,0.0,99.0,1,0,0,0,0,0,0,0,0,0,0,0,0,0,1,0,0,0,0,1,0,0,0,0,0,0,0,0,0.7470449953921042,0.8243125823134496,0.2640564976584729
88,0,0.5893766369922407,0.0,0.0,0.0,0.0,0.0,99.0,0,1,0,0,0,0,0,0,0,0,0,0,0,0,0,0,0,1,0,0,0,0,1,0,0,0,0,0,0.0,0.03361739989581385,0.3632027087683691
89,0,0.5894265647711278,99.0,0.0,5.0,0.0,0.0,99.0,1,0,0,0,0,0,0,0,0,0,0,0,0,0,1,0,0,1,0,0,0,0,0,0,0,0,0,0,0.0,0.03798962277050442,0.3106010504314272
90,0,0.5893760339210475,0.0,0.0,3.0,0.0,0.0,99.0,0,1,0,0,0,0,0,0,0,0,0,0,0,0,0,0,0,1,0,0,0,0,1,0,0,0,0,0,0.0,0.03410916592017034,0.2831582198211256
91,1,0.5898134267348586,99.0,0.0,0.0,0.0,0.0,99.0,1,0,0,0,0,0,0,0,0,0,0,0,0,0,1,0,0,0,0,0,0,0,0,0,0,0,0,0,0.0,0.03576399766635214,0.2658443979281578
92,0,0.586829050014595,99.0,1.0,0.0,0.0,0.0,7.0,1,0,0,0,0,0,0,0,0,0,0,0,0,0,1,0,1,0,0,0,0,0,0,0,0,0,0,0,0.05961686634749624,0.03091668676698112,0.2006250398939
93,0,0.5803710019008244,99.0,0.0,0.0,0.0,0.0,99.0,1,0,0,0,0,0,0,0,0,0,0,0,0,0,1,0,0,0,0,0,0,0,0,0,0,0,0,0,0.0,0.7047167804556805,0.3519155377053111
94,0,0.5803710019008244,0.0,1.0,0.0,0.0,0.0,99.0,0,1,0,0,0,0,0,0,0,0,0,0,0,0,0,0,0,1,0,0,0,0,1,0,0,0,0,0,0.0,0.7047167804556805,0.3519155377053111
95,0,0.5803710019008244,0.0,1.0,0.0,0.0,0.0,99.0,0,1,0,0,0,0,0,0,0,0,0,0,0,0,0,0,0,1,0,0,0,0,1,0,0,0,0,0,0.0,0.7047167804556805,0.3519155377053111
96,1,0.5794908469901442,99.0,0.0,0.0,0.0,0.0,99.0,0,0,1,0,0,0,1,0,0,0,0,0,0,0,1,0,0,0,0,0,0,0,0,0,0,0,0,0,0.0,0.7611772284658627,0.35227390541894704
97,0,0.5778300238215436,0.0,1.0,0.0,0.0,0.0,99.0,0,1,0,0,0,0,0,0,0,0,0,0,0,1,0,0,0,0,0,0,0,0,1,0,0,0,0,0,0.3165145252545432,0.5114982229106843,0.3848634499136441
98,0,0.5770392707281552,99.0,0.0,0.0,0.0,0.0,99.0,1,0,0,0,0,0,0,0,0,0,0,0,0,0,1,0,0,0,0,0,0,0,0,0,0,0,0,0,0.3814339123382482,0.5756249103502977,0.4208209994776249
99,0,0.5770927178476729,99.0,0.0,0.0,0.0,0.0,99.0,1,0,0,0,0,0,0,0,0,0,0,0,0,0,1,0,0,0,0,0,0,0,0,0,0,0,0,0,0.4192033939320816,0.5413903918458951,0.4325443671143997
100,0,0.5767814501170212,99.0,0.0,0.0,0.0,0.0,99.0,1,0,0,0,0,0,0,0,0,0,0,0,0,1,1,0,0,0,0,0,0,0,0,0,0,0,0,0,0.0,0.5232566643211695,0.4407002096900427
101,1,0.5767814501170212,0.0,0.0,1.0,0.0,0.0,99.0,0,1,0,0,0,0,0,0,0,0,0,0,0,0,0,0,0,0,1,0,0,0,1,0,0,0,0,0,0.0,0.5232566643211695,0.4407002096900427
102,1,0.5767814501170212,0.0,0.0,0.0,0.0,1000000.0,99.0,0,1,0,0,0,0,0,0,0,0,0,0,0,0,0,0,0,0,1,0,0,0,1,0,0,0,0,0,0.0,0.5232566643211695,0.4407002096900427
103,1,0.5767814501170212,99.0,0.0,0.0,0.0,0.0,99.0,1,0,0,0,0,0,0,0,0,0,0,0,0,0,1,0,0,0,0,0,0,0,0,0,0,0,0,0,0.0,0.5232566643211695,0.4407002096900427
104,0,0.5765833551614813,99.0,0.0,9.073,0.0,0.0,4.0,1,0,0,0,0,0,0,0,0,0,0,0,0,1,1,0,0,0,0,0,0,0,0,0,0,0,0,0,0.0,0.5569660211007235,0.4629448901027263
105,0,0.576391286233729,99.0,0.0,0.53,0.0,0.0,99.0,1,0,0,0,0,0,0,0,0,0,0,0,0,0,1,0,0,0,1,0,0,0,0,0,0,0,0,0,0.0,0.6591365456800474,0.4677128948312994
106,1,0.5886459030688979,99.0,0.0,0.5,0.0,0.0,99.0,1,0,0,0,0,0,0,0,0,0,0,0,0,0,1,0,0,0,0,0,1,0,0,0,0,0,0,0,0.0,0.7563087833801627,0.4590140620488024
107,0,0.5887476663258887,99.0,0.0,0.75,0.0,0.0,2.0,1,0,0,0,0,0,0,0,0,0,0,0,0,1,1,0,0,0,0,0,0,0,0,0,0,0,0,0,0.0,0.933891009977742,0.4533566592018852
108,1,0.5888448712856638,99.0,0.0,1.0,0.0,0.0,1.0,1,0,0,0,0,0,0,0,0,0,0,0,0,0,1,0,0,0,0,1,0,0,0,0,0,0,0,0,0.0,0.7990844893683319,0.5879871343516115
109,0,0.5889852012677969,99.0,0.0,1.0,0.0,0.0,99.0,1,0,0,0,0,0,0,0,0,0,0,0,0,0,1,0,0,0,1,0,0,0,0,0,0,0,0,0,0.0,0.5825060424321459,0.4787154659893875
110,1,0.5891065066269412,99.0,0.0,5.9,0.0,0.0,99.0,1,0,0,0,0,0,0,0,0,0,0,0,0,1,1,0,0,0,0,0,0,0,0,0,0,0,0,0,0.0,0.3884506391392814,0.5277736276813363
111,0,0.5839452408287747,99.0,0.0,0.0,0.0,0.0,99.0,1,0,0,0,0,0,0,0,0,0,0,0,0,0,1,0,0,0,0,0,0,0,0,0,0,0,0,0,0.0,0.5503717410833333,0.2665493556677205
112,0,0.5839452408287747,0.0,1.0,0.0,0.0,0.0,99.0,0,1,0,0,0,0,0,0,0,0,0,0,0,0,1,0,0,0,0,0,0,0,1,0,0,0,0,0,0.0,0.5503717410833333,0.2665493556677205
113,1,0.5841876561897805,99.0,0.0,0.0,0.0,0.0,99.0,1,0,0,0,0,0,0,0,0,0,0,0,0,0,1,0,0,0,0,0,0,0,0,0,0,0,0,0,0.032591820957713784,0.5333015274202388,0.2609830552612202
114,1,0.5844516106676584,0.0,0.0,2.0,0.0,0.0,99.0,0,1,0,0,0,0,0,0,0,0,0,0,0,0,0,0,0,0,0,0,1,0,1,0,0,0,0,0,0.07078889473683007,0.652764008228939,0.22431155145204348
115,0,0.5878246152824049,99.0,0.0,2.0,0.0,0.0,99.0,1,0,0,0,0,0,0,0,0,0,0,0,0,0,1,0,0,0,1,0,0,0,0,0,0,0,0,0,0.006075050913305152,0.7694024737432913,0.30619549413712793
116,0,0.5862949026745088,99.0,0.0,7.0,0.0,0.0,5.0,1,0,0,0,0,0,0,0,0,0,0,0,0,0,1,0,0,1,0,0,0,0,0,0,0,0,0,0,0.0,0.06845634721792808,0.4350140205827937
117,1,0.5862038281121652,99.0,0.0,0.0,0.0,0.0,99.0,1,0,0,0,0,0,0,0,0,0,0,0,0,0,1,0,0,0,0,0,0,0,0,0,0,0,0,0,0.0,0.08623163208615227,0.4345547304534095
118,0,0.5859153704922135,99.0,0.0,5.0,0.0,0.0,99.0,1,0,0,0,0,0,0,0,0,0,0,0,0,1,1,0,0,0,0,0,0,0,0,0,0,0,0,0,0.0,0.10797258256266326,0.6331281990779395
119,0,0.5852610327463164,0.0,0.0,9.8,0.0,0.0,99.0,0,1,0,0,0,0,0,0,0,0,0,0,0,1,0,0,0,0,0,0,0,0,1,0,0,0,0,0,0.0,0.1191099921519852,0.2924229255683039
120,0,0.5885182704020425,0.0,0.0,2.6,0.0,0.0,99.0,0,1,0,0,0,0,0,0,0,0,0,0,0,1,0,0,0,0,0,0,0,0,1,0,0,0,0,0,0.0,0.11405827689140274,0.2954682648653902
121,1,0.5841250415388679,99.0,0.0,0.0,0.0,0.0,99.0,1,0,0,0,0,0,0,0,0,0,0,0,0,0,1,0,0,0,0,0,0,0,0,0,0,0,0,0,0.002846216334752398,0.3477607421068568,0.30534851182905115
122,1,0.5840666404456313,0.0,0.0,1.5,0.0,0.0,30.0,0,1,0,0,0,0,0,0,0,0,0,0,0,0,0,0,0,0,1,0,0,0,1,0,0,0,0,0,0.43836413299568905,0.304695546251782,0.3763150394535391
123,1,0.5868423781930152,0.0,1.0,0.0,0.0,0.0,99.0,0,1,0,0,0,0,0,0,0,0,0,0,0,0,1,0,0,0,0,0,0,0,1,0,0,0,0,0,0.0,0.520374881950061,0.4396962095875139
124,1,0.5867197180778614,99.0,0.0,2.0,0.0,0.0,99.0,1,0,0,0,0,0,0,0,0,0,0,0,0,0,1,1,0,0,0,0,0,0,0,0,0,0,0,0,0.0,0.5263224187540793,0.4982265251412839
125,1,0.5870747825482031,99.0,0.0,0.0,0.0,0.0,99.0,1,0,0,0,0,0,0,0,0,0,0,0,0,0,1,0,0,0,0,0,0,0,0,0,0,0,0,0,0.0,0.5900977731482485,0.4680403621853898
126,0,0.5846940719422584,0.0,0.0,3.0,0.0,0.0,99.0,0,1,0,0,0,0,0,0,0,0,0,0,0,1,0,0,0,0,0,0,0,0,1,0,0,0,0,0,0.0,0.9038561506327404,0.4171756896909355
127,1,0.5880924508627802,99.0,0.0,3.0,0.0,0.0,99.0,1,0,0,0,0,0,0,0,0,0,0,0,0,1,1,0,0,0,0,0,0,0,0,0,0,0,0,0,0.0,0.991669416800766,0.4464468715009584
128,1,0.5880924508627802,99.0,0.5,0.0,0.0,0.0,99.0,1,0,0,0,0,0,0,0,0,0,0,0,0,1,1,0,0,0,0,0,0,0,0,0,0,0,0,0,0.0,0.991669416800766,0.4464468715009584
129,1,0.5877246154001785,99.0,0.0,5.0,0.0,0.0,99.0,0,0,0,1,0,0,0,0,0,0,0,0,0,1,1,0,0,0,0,0,0,0,0,0,0,0,0,0,0.0,1.0499538169988387,0.4391060193361069
130,1,0.5877246154001785,0.0,2.0,0.0,0.0,0.0,99.0,0,1,0,0,0,0,0,0,0,0,0,0,0,0,0,0,0,0,0,0,0,1,1,0,0,0,0,0,0.0,1.0499538169988387,0.4391060193361069
131,1,0.5797733534005961,99.0,0.0,0.0,0.0,0.0,99.0,0,0,1,0,0,0,0,0,0,0,0,0,0,0,1,0,0,0,0,0,0,0,0,0,0,0,0,0,0.09406213658221674,1.222532265230381,0.17990555544871178
132,1,0.5797733534005961,99.0,0.0,0.0,0.0,0.0,99.0,0,0,0,0,0,0,0,0,0,0,1,0,0,0,1,0,0,0,0,0,0,0,0,0,0,0,0,0,0.09406213658221674,1.222532265230381,0.17990555544871178
133,0,0.5797733534005961,0.0,0.0,1.0,0.0,0.0,99.0,0,1,0,0,0,0,0,0,0,0,0,0,0,0,0,0,0,0,0,0,1,0,1,0,0,0,0,0,0.09406213658221674,1.222532265230381,0.17990555544871178
134,1,0.579919173841339,0.0,0.0,1.5,0.0,0.0,99.0,0,1,0,0,0,0,0,0,0,0,0,0,0,0,0,0,0,0,0,0,1,0,1,0,0,0,0,0,0.22242965002031626,1.1372397194465955,0.18412103762509088
135,1,0.5765983207970814,0.0,0.0,0.0,0.0,0.0,99.0,0,1,0,0,0,0,0,0,0,0,0,0,0,0,0,0,0,0,0,0,0,0,1,0,0,0,0,0,0.35351278432623395,1.0546095750627202,0.17732500732440196
136,1,0.5765983207970814,4.0,0.0,0.0,0.0,0.0,99.0,1,0,0,0,0,0,0,0,0,0,0,0,0,1,0,0,0,0,0,0,0,0,0,0,0,0,0,0,0.35351278432623395,1.0546095750627202,0.17732500732440196
137,0,0.582443975519616,99.0,2.0,0.0,0.0,0.0,99.0,1,0,0,0,0,0,0,0,0,0,0,0,0,1,1,0,0,0,0,1,0,0,0,0,0,0,0,0,0.5173318305605776,0.7681479936324705,0.184415341780252
138,1,0.5826277063208632,5.0,0.0,0.0,0.0,0.0,99.0,0,0,0,1,0,0,0,0,0,0,0,0,0,1,0,0,0,0,0,0,0,0,0,0,0,0,0,0,0.4520079569702184,0.8513482467600363,0.1862253744370352
139,1,0.7649580623364828,10.0,0.0,0.0,0.0,0.0,99.0,1,0,0,0,0,0,0,0,0,0,0,0,0,0,1,0,0,0,0,0,0,0,0,0,0,0,0,0,0.4177355474337983,0.7561554701535415,0.3116377713156149
140,1,0.8045007933294541,99.0,0.12,0.0,0.0,0.0,10.0,1,0,0,0,0,0,0,0,0,0,0,0,0,0,1,0,0,0,0,1,0,0,0,0,0,0,0,0,0.3873622871171363,0.7678598794216869,0.325479458186685
141,1,0.8225403803075573,99.0,0.0,2.5,0.0,0.0,99.0,1,0,0,0,0,0,0,0,0,0,0,0,0,1,1,0,0,0,0,0,0,0,0,0,0,0,0,0,0.5239096669964141,0.7018880386727349,0.3452110784440147
142,1,0.8225403803075573,0.0,0.0,0.0,0.0,0.0,99.0,0,1,0,0,0,0,0,0,0,0,0,0,0,0,0,0,0,0,0,1,0,0,1,0,0,0,0,0,0.5239096669964141,0.7018880386727349,0.3452110784440147
143,1,0.8225403803075573,0.0,0.0,0.0,0.0,0.0,99.0,0,1,0,0,0,0,0,0,0,0,0,0,0,0,0,0,0,0,0,0,1,0,1,0,0,0,0,0,0.5239096669964141,0.7018880386727349,0.3452110784440147
144,1,0.8225403803075573,0.0,0.0,0.0,0.0,0.0,99.0,0,1,0,0,0,0,0,0,0,0,0,0,0,1,0,0,0,0,0,0,0,0,1,0,0,0,0,0,0.5239096669964141,0.7018880386727349,0.3452110784440147
145,1,0.8225403803075573,0.0,0.0,0.0,0.0,0.0,99.0,0,1,0,0,0,0,0,0,0,0,0,0,0,0,0,0,0,0,1,0,0,0,1,0,0,0,0,0,0.5239096669964141,0.7018880386727349,0.3452110784440147
146,1,0.8225403803075573,0.0,0.0,0.0,0.0,0.0,99.0,0,1,0,0,0,0,0,0,0,0,0,0,0,0,0,0,0,1,0,0,0,0,1,0,0,0,0,0,0.5239096669964141,0.7018880386727349,0.3452110784440147
147,1,0.8225403803075573,0.0,0.0,0.0,0.0,0.0,99.0,0,1,0,0,0,0,0,0,0,0,0,0,0,0,0,0,0,0,0,1,0,0,1,0,0,0,0,0,0.5239096669964141,0.7018880386727349,0.3452110784440147
148,1,0.8225403803075573,0.0,0.0,0.0,0.0,0.0,99.0,0,1,0,0,0,0,0,0,0,0,0,0,0,0,0,0,0,0,0,1,0,0,1,0,0,0,0,0,0.5239096669964141,0.7018880386727349,0.3452110784440147
149,1,0.8225403803075573,0.0,0.0,0.0,0.0,0.0,99.0,0,1,0,0,0,0,0,0,0,0,0,0,0,0,0,1,0,0,0,0,0,0,1,0,0,0,0,0,0.5239096669964141,0.7018880386727349,0.3452110784440147
150,1,0.5880036072404364,99.0,0.0,0.0,0.0,0.0,99.0,1,0,0,0,0,0,0,0,0,0,0,0,0,0,1,0,0,0,0,0,0,0,0,0,0,0,0,0,0.0,0.13533620891430098,0.5502251678883378
151,1,0.5880036072404364,0.0,0.0,0.0,0.0,0.0,99.0,0,1,0,0,0,0,0,0,0,0,0,0,0,0,0,0,0,1,0,0,0,0,1,0,0,0,0,0,0.0,0.13533620891430098,0.5502251678883378
152,1,0.5882274294537877,99.0,0.0,0.0,0.0,0.0,99.0,1,0,0,0,0,0,0,0,0,0,0,0,0,0,1,0,0,0,0,0,0,0,0,0,0,0,0,0,0.0,0.2399402397921272,0.5494928314371953
153,1,0.5886619845735211,0.0,0.0,3.6,0.0,0.0,99.0,0,1,0,0,0,0,0,0,0,0,0,0,0,0,0,0,0,0,0,1,1,0,1,0,0,0,0,0,0.0,0.24175888249017866,0.4619085007381062
154,1,0.5885093622781479,99.0,0.0,0.0,0.0,0.0,99.0,1,0,0,0,0,0,0,0,0,0,0,0,0,0,1,0,0,0,0,0,1,0,0,0,0,0,0,0,0.0,0.22128057684964075,0.5706891258233784
155,0,0.631941471730975,0.0,1.0,0.0,0.0,0.0,99.0,0,1,0,0,0,0,0,0,0,0,0,0,0,1,0,0,0,0,1,0,0,0,1,0,0,0,0,0,0.0,1.631447159763372,0.13539968031355865
156,1,0.5887337310806718,99.0,0.0,0.0,0.0,0.0,99.0,1,0,0,0,0,0,0,0,0,0,0,0,0,0,1,0,0,0,0,0,0,0,0,0,0,0,0,0,0.09060981437308907,1.6620498318452852,0.12919563250959964
157,1,0.5887337310806718,0.0,0.17,0.0,0.0,0.0,14.0,0,1,0,0,0,0,0,0,0,0,0,0,0,0,0,0,0,0,1,0,0,0,1,0,0,0,0,0,0.09060981437308907,1.6620498318452852,0.12919563250959964
158,1,0.5473944205542199,0.0,0.4,0.0,0.0,0.0,15.0,0,1,0,0,0,0,0,0,0,0,0,0,0,1,0,0,0,0,0,0,0,0,1,0,0,0,0,0,0.2616626456408321,1.5375851970687948,0.13960156392994416
159,1,0.5473944205542199,99.0,0.43,0.0,0.0,30000000.0,99.0,1,0,0,0,0,0,0,0,0,0,0,0,0,0,1,1,0,0,0,0,0,0,0,0,0,0,0,0,0.2616626456408321,1.5375851970687948,0.13960156392994416
160,1,0.511993599574426,99.0,0.0,0.0,0.0,25000000.0,99.0,1,0,0,0,0,0,0,0,0,0,0,0,0,0,1,0,0,0,1,0,0,0,0,0,0,0,0,0,0.3157464227427316,1.5952863715937282,0.1910570169938912
161,1,0.47581298492714097,99.0,0.0,0.0,0.0,0.0,99.0,1,0,0,0,0,0,0,0,0,0,0,0,0,0,1,0,0,0,0,0,0,0,0,0,0,0,0,0,0.0,1.3903108072436017,0.1984086801332257
162,1,0.4511449607332975,99.0,0.17,0.0,0.0,0.0,15.0,1,0,0,0,0,0,0,0,0,0,0,0,0,0,1,0,0,0,1,0,0,0,0,0,0,0,0,0,0.0,1.4623170602172741,0.20673888419191824
163,1,0.4302770418031426,0.0,0.0,0.0,0.0,0.0,99.0,0,1,0,0,0,0,0,0,0,0,0,0,0,1,0,0,0,0,0,0,0,0,1,0,0,0,0,0,0.0,1.3659478675967731,0.19913068318899171
164,1,0.4302770418031426,0.0,0.0,0.0,0.0,0.0,99.0,0,1,0,0,0,0,0,0,0,0,0,0,0,1,0,0,0,0,0,0,0,0,1,0,0,0,0,0,0.0,1.3659478675967731,0.19913068318899171
165,1,0.4302770418031426,0.0,0.0,0.0,0.0,0.0,99.0,0,1,0,0,0,0,0,0,0,0,0,0,0,1,0,0,0,0,0,0,0,0,1,0,0,0,0,0,0.0,1.3659478675967731,0.19913068318899171
166,1,0.3985854730468244,99.0,0.0,1.0,0.0,0.0,99.0,1,0,0,0,0,0,0,0,0,0,0,0,0,0,1,0,0,0,0,1,0,0,0,0,0,0,0,0,0.0,1.3823805039598185,0.20989413078704466
167,1,0.3985854730468244,99.0,0.0,0.0,0.0,43000000.0,99.0,1,0,0,0,0,0,0,0,0,0,0,0,0,0,1,0,0,0,1,0,0,0,0,0,0,0,0,0,0.0,1.3823805039598185,0.20989413078704466
168,1,0.6368468986021781,0.0,0.0,0.0,0.0,28000000.0,99.0,0,1,0,0,0,0,0,0,0,0,0,0,0,1,0,0,0,0,0,0,0,0,1,0,0,0,0,0,0.0,1.3485156510945049,0.22761450309161005
169,1,0.6486080955264426,0.0,0.23,0.0,0.0,0.0,13.0,0,1,0,0,0,0,0,0,0,0,0,0,0,0,0,1,0,0,0,0,0,0,1,0,0,0,0,0,0.0,1.3932765360940094,0.2613167939400856
170,1,0.6486080955264426,0.0,0.4,0.0,0.0,0.0,23.0,0,1,0,0,0,0,0,0,0,0,0,0,0,0,1,0,0,0,0,0,0,0,1,0,0,0,0,0,0.0,1.3932765360940094,0.2613167939400856
171,0,0.5929120428622672,0.0,0.5,0.0,0.0,0.0,99.0,0,1,0,0,0,0,0,0,0,0,0,0,0,1,0,0,0,0,0,0,0,0,1,0,0,0,0,0,0.0,1.3166593187891271,0.16567423017169264
172,0,0.5893002733094858,4.0,0.0,0.0,0.0,0.0,99.0,1,0,0,0,0,0,0,0,0,0,0,0,0,0,1,0,0,0,0,0,0,0,0,0,0,0,0,0,0.0,1.3747761753110594,0.17439998327415934
173,0,0.5893002733094858,99.0,0.0,1.5,0.0,0.0,11.0,1,0,0,0,0,0,0,0,0,0,0,0,0,0,1,0,0,0,1,0,0,0,0,0,0,0,0,0,0.0,1.3747761753110594,0.17439998327415934
174,1,0.5847135392631678,99.0,0.0,0.0,0.0,0.0,99.0,1,0,0,0,0,0,0,0,0,0,0,0,0,0,1,0,0,0,0,0,0,0,0,0,0,0,0,0,0.14364955173799535,1.1263148310937408,0.18103173368423348
175,1,0.5847135392631678,99.0,0.5,0.0,0.0,0.0,99.0,1,0,0,0,0,0,0,0,0,0,0,0,0,1,1,0,0,0,0,0,0,0,0,0,0,0,0,0,0.14364955173799535,1.1263148310937408,0.18103173368423348
176,0,0.5848511981197028,99.0,0.0,1.5,0.0,0.0,3.0,1,0,0,0,0,0,0,0,0,0,0,0,0,1,1,0,0,0,0,0,0,0,0,0,0,0,0,0,0.11838031085169065,1.23267948220028,0.2143810711225961
177,0,0.5832831788997576,0.0,0.0,0.0,0.0,0.0,99.0,0,1,0,0,0,0,0,0,0,0,0,0,0,1,0,0,0,0,0,0,0,0,1,0,0,0,0,0,0.4705493935713633,1.1925819120226613,0.2302333029076072
178,1,0.5241536251175791,99.0,0.0,1.5,0.0,0.0,22.0,1,0,0,0,0,0,0,0,0,0,0,0,0,0,1,0,0,0,1,0,0,0,0,0,0,0,0,0,0.5633818518244745,1.5144072659341783,0.2213930649757194
179,0,0.6094362355720795,99.0,0.0,1.5,0.0,0.0,15.0,1,0,0,0,0,0,0,0,0,0,0,0,0,0,1,0,0,0,0,1,0,0,0,0,0,0,0,0,0.4609967052260408,1.5990588465541928,0.2651932723866495
180,1,0.5973770347019239,99.0,0.0,0.0,0.0,10000000.0,99.0,1,0,0,0,0,0,0,0,0,0,0,0,0,1,1,0,0,0,0,0,0,0,0,0,0,0,0,0,0.8247452321599864,2.042192489959273,0.23961202803625545
181,1,0.5674226258574139,99.0,0.0,0.0,0.0,0.0,99.0,1,0,0,0,0,0,0,0,0,0,0,0,0,0,0,0,1,0,0,0,0,0,0,0,0,0,0,0,0.18496682582384205,1.4545554493046635,0.2433116626473741
182,0,0.563359813290206,99.0,1.0,0.0,0.0,0.0,99.0,1,0,0,0,0,0,0,0,0,0,0,0,0,1,1,1,0,0,0,0,0,0,0,0,0,0,0,0,0.2771521258815444,1.7330334556568032,0.26200684908454497
183,0,0.5630153878962664,99.0,1.0,0.0,0.0,0.0,6.0,1,0,0,0,0,0,0,0,0,0,0,0,0,1,1,1,0,0,0,0,0,0,0,0,0,0,0,0,0.3924362329781951,1.828598544646804,0.2696622020409717
184,0,0.5864941593242626,99.0,1.0,0.0,0.0,0.0,99.0,1,0,0,0,0,0,0,0,0,0,0,0,0,0,1,1,0,0,0,0,0,0,0,0,0,0,0,0,0.4910449498719574,2.160037023339889,0.2477716826722555
185,1,0.5870127615742297,99.0,1.0,0.0,0.0,0.0,99.0,1,0,0,0,0,0,0,0,0,0,0,0,0,1,1,0,0,0,0,0,0,0,0,0,0,0,0,0,0.5527107577161701,2.0866774172047067,0.33812869986867355
186,0,0.2688556761128929,99.0,0.0,0.0,2800000.0,0.0,99.0,1,0,0,0,0,0,0,0,0,0,0,0,0,0,1,1,0,0,0,0,0,0,0,0,0,0,0,0,0.08274092969523461,1.112646882728628,0.15002890893241536
187,0,0.2688556761128929,99.0,0.0,0.0,5100000.0,0.0,99.0,1,0,0,0,0,0,0,0,0,0,0,0,0,0,1,1,0,0,0,0,0,0,0,0,0,0,0,0,0.08274092969523461,1.112646882728628,0.15002890893241536
188,0,0.2688556761128929,99.0,0.25,0.0,0.0,0.0,10.0,1,0,0,0,0,0,0,0,0,0,0,0,0,1,1,0,0,0,0,0,0,0,0,0,0,0,0,0,0.08274092969523461,1.112646882728628,0.15002890893241536
189,0,0.2688556761128929,99.0,0.0,1.0,0.0,0.0,99.0,1,0,0,0,0,0,0,0,0,0,0,0,0,0,1,0,0,0,0,0,1,0,0,0,0,0,0,0,0.08274092969523461,1.112646882728628,0.15002890893241536
190,0,0.2688556761128929,99.0,0.0,0.0,0.0,22500000.0,99.0,1,0,0,0,0,0,0,0,0,0,0,0,0,0,1,1,0,0,0,0,0,0,0,0,0,0,0,0,0.08274092969523461,1.112646882728628,0.15002890893241536
191,0,0.36343025346453023,0.0,0.2,0.0,0.0,0.0,99.0,0,1,0,0,0,0,0,0,0,0,0,0,0,1,0,0,0,0,0,0,0,0,1,0,0,0,0,0,0.32824149255355034,0.9866191185326968,0.12282699631038425
192,0,0.36343025346453023,99.0,0.0,0.0,0.0,0.0,99.0,1,0,0,0,0,0,0,0,0,0,0,0,0,1,1,0,0,0,0,0,0,0,0,0,0,0,0,0,0.32824149255355034,0.9866191185326968,0.12282699631038425
193,1,0.43558763879324763,99.0,0.0,0.0,0.0,0.0,99.0,1,0,0,0,0,0,0,0,0,0,0,0,0,0,0,0,0,0,1,0,0,0,0,0,0,0,0,0,0.3015809839781526,1.0188851540292712,0.12940336415176745
194,0,0.49092299646296905,99.0,0.0,0.0,0.0,0.0,99.0,0,0,0,0,0,1,0,0,0,0,0,0,0,1,0,0,0,0,0,0,0,0,0,0,0,0,0,0,0.3775728366064161,0.9793173592537998,0.12392070138067518
195,0,0.49092299646296905,99.0,0.0,0.0,0.0,0.0,99.0,0,0,0,0,0,0,1,0,0,0,0,0,0,0,1,0,0,0,0,0,0,0,0,0,0,0,0,0,0.3775728366064161,0.9793173592537998,0.12392070138067518
196,0,0.1831574439651858,99.0,0.0,0.0,2860000.0,0.0,99.0,1,0,0,0,0,0,0,0,0,0,0,0,0,0,0,1,0,0,0,0,0,0,0,0,0,0,0,0,0.3739579816630723,0.9919929387292048,0.117938613217663
197,0,0.1831574439651858,99.0,0.0,0.0,0.0,0.0,99.0,0,0,0,0,1,0,0,0,0,0,0,0,0,0,1,1,0,0,0,0,0,0,0,0,0,0,0,0,0.3739579816630723,0.9919929387292048,0.117938613217663
198,0,0.29830315127408846,99.0,0.0,1.0,0.0,0.0,99.0,1,0,0,0,0,0,0,0,0,0,0,0,0,0,1,0,0,0,0,1,0,0,0,0,0,0,0,0,0.2940397288510944,0.955269690487278,0.1217132310120032
199,0,0.29830315127408846,99.0,0.0,0.0,0.0,0.0,99.0,0,0,0,0,0,0,1,0,0,0,0,0,0,0,1,0,0,0,0,0,0,0,0,0,0,0,0,0,0.2940397288510944,0.955269690487278,0.1217132310120032
200,1,0.2920526879730991,99.0,1.0,0.0,0.0,0.0,10.0,1,0,0,0,0,0,0,0,0,0,0,0,0,1,1,0,0,0,0,0,0,0,0,0,0,0,0,0,0.26216420338815183,1.0019481562639292,0.11657076507649125
201,1,0.2920526879730991,99.0,0.0,0.0,0.0,0.0,99.0,1,0,0,0,0,0,0,0,0,0,0,0,0,0,1,0,0,0,0,0,0,0,0,0,0,0,0,0,0.26216420338815183,1.0019481562639292,0.11657076507649125
202,0,0.2602833497691001,99.0,1.0,0.0,0.0,0.0,18.0,1,0,0,0,0,0,0,0,0,0,0,0,0,0,1,1,0,0,0,0,0,0,0,0,0,0,0,0,0.3497006826739241,1.1700370566336062,0.12243120501149167
203,0,0.5668160230194054,0.0,0.5,0.0,0.0,0.0,99.0,0,1,0,0,0,0,0,0,0,0,0,0,0,1,0,0,0,0,0,0,0,0,1,0,0,0,0,0,0.0,0.9826361547880148,0.22314572317593528
204,0,0.5668160230194054,0.0,0.0,0.0,0.0,7000000.0,99.0,0,1,0,0,0,0,0,0,0,0,0,0,0,0,0,0,0,0,0,1,0,0,1,0,0,0,0,0,0.0,0.9826361547880148,0.22314572317593528
205,0,0.5668160230194054,99.0,0.0,0.0,0.0,0.0,99.0,1,0,0,0,0,0,0,0,0,0,0,0,0,0,1,0,0,0,0,0,0,0,0,0,0,0,0,0,0.0,0.9826361547880148,0.22314572317593528
206,1,0.5650401279932324,1.0,0.0,0.0,0.0,0.0,99.0,1,0,0,0,0,0,0,0,0,0,0,0,0,0,1,0,0,0,0,0,0,0,0,0,0,0,0,0,0.0,0.9883866437952696,0.2255949316833715
207,0,0.5624178852885049,99.0,0.25,0.0,0.0,0.0,99.0,1,0,0,0,0,0,0,0,0,0,0,0,0,0,1,1,0,0,0,0,0,0,0,0,0,0,0,0,0.0,0.9862068831426242,0.23633981846122826
208,0,0.5624178852885049,99.0,0.0,6.0,0.0,0.0,3.0,1,0,0,0,0,0,0,0,0,0,0,0,0,0,1,0,0,0,0,0,0,0,0,0,0,0,0,0,0.0,0.9862068831426242,0.23633981846122826
209,1,0.5632265234693192,99.0,0.0,0.0,0.0,0.0,99.0,1,0,0,0,0,0,0,0,0,0,0,0,0,0,0,1,0,0,0,0,0,0,0,0,0,0,0,0,0.11690443723383392,1.0137318722784403,0.20621474471316745
210,0,0.5605055502535264,99.0,0.0,0.0,0.0,0.0,99.0,1,0,0,0,0,0,0,0,0,0,0,0,0,0,1,0,0,0,0,0,0,0,0,0,0,0,0,0,0.2148683465556424,0.9938478686452203,0.235607168765221
211,1,0.5599288674578639,5.0,2.0,0.0,0.0,0.0,99.0,0,0,0,0,0,1,0,0,0,0,0,0,0,0,0,0,0,1,0,0,0,1,0,0,0,0,0,0,0.2916120808093953,0.9023422445755952,0.23327848796564465
212,0,0.5599288674578639,99.0,0.0,0.0,0.0,0.0,99.0,1,0,0,0,0,0,0,0,0,0,0,0,0,0,1,0,0,0,0,0,0,0,0,0,0,0,0,0,0.2916120808093953,0.9023422445755952,0.23327848796564465
213,0,0.5344960574383456,99.0,0.0,0.0,0.0,0.0,99.0,1,0,0,0,0,0,0,0,0,0,0,0,0,0,1,0,0,0,0,0,0,0,0,0,0,0,0,0,0.3271232419530367,0.8545737973072234,0.2398775357779598
214,0,0.5344960574383456,99.0,0.39,0.0,0.0,0.0,99.0,1,0,0,0,0,0,0,0,0,0,0,0,0,0,1,1,0,0,0,0,0,0,0,0,0,0,0,0,0.3271232419530367,0.8545737973072234,0.2398775357779598
215,1,0.5746928753663422,99.0,0.0,0.0,0.0,0.0,99.0,0,0,0,0,0,0,0,0,1,0,0,0,0,0,1,0,0,0,0,0,0,0,0,0,0,0,0,0,0.4983170423283127,0.5585213619399283,0.2496317392990876
216,0,0.5737890865150602,99.0,0.0,5.5,0.0,0.0,99.0,1,0,0,0,0,0,0,0,0,0,0,0,0,0,1,1,0,0,0,0,0,0,0,0,0,0,0,0,0.4165555548804559,0.7265550259286315,0.267269490832694
217,0,0.5737890865150602,99.0,0.0,2.5,0.0,0.0,7.0,1,0,0,0,0,0,0,0,0,0,0,0,0,1,1,0,0,0,0,0,0,0,0,0,0,0,0,0,0.4165555548804559,0.7265550259286315,0.267269490832694
218,1,0.5737890865150602,0.0,2.0,0.0,0.0,0.0,10.0,0,1,0,0,0,0,0,0,0,0,0,0,0,0,0,0,0,1,0,0,0,0,1,0,0,0,0,0,0.4165555548804559,0.7265550259286315,0.267269490832694
219,0,0.5724497447956842,99.0,0.05,0.0,0.0,0.0,99.0,1,0,0,0,0,0,0,0,0,0,0,0,0,0,1,1,0,0,0,0,0,0,0,0,0,0,0,0,0.5260519872917775,0.7142999594633527,0.2457895484787804
220,1,0.5724497447956842,8.0,0.0,0.0,0.0,0.0,99.0,0,0,0,1,0,0,0,0,0,0,0,0,0,0,1,0,0,0,0,0,0,0,0,0,0,0,0,0,0.5260519872917775,0.7142999594633527,0.2457895484787804
221,0,0.5700351739982471,99.0,0.5,0.0,0.0,0.0,99.0,1,0,0,0,0,0,0,0,0,0,0,0,0,0,1,1,0,0,0,0,0,0,0,0,0,0,0,0,0.5250584600008074,0.7765765371117057,0.2423513598269085
222,0,0.5974331257022031,0.0,1.0,0.0,0.0,0.0,99.0,0,1,0,0,0,0,0,0,0,0,0,0,0,0,0,0,0,0,0,0,1,0,1,0,0,0,0,0,0.0,0.6990854251536514,0.1680341397315691
223,1,0.5974331257022031,99.0,0.0,0.0,0.0,0.0,99.0,1,0,0,0,0,0,0,0,0,0,0,0,0,0,1,0,0,0,0,0,0,0,0,0,0,0,0,0,0.0,0.6990854251536514,0.1680341397315691
224,1,0.5886693128231809,0.0,0.75,0.0,0.0,0.0,99.0,0,1,0,0,0,0,0,0,0,0,0,0,0,0,0,0,0,0,0,0,0,0,1,0,0,0,0,0,0.08554215242019213,0.7063121037529424,0.16781092127997513
225,0,0.5819652144431502,0.0,0.0,0.0,0.0,0.0,99.0,0,1,0,0,0,0,0,0,0,0,0,0,0,0,0,0,0,0,0,0,0,0,1,1,0,0,0,0,0.4179121048620804,0.5994215089373903,0.21506103515625
226,0,0.5905870843513007,99.0,0.6,0.0,0.0,0.0,99.0,1,0,0,0,0,0,0,0,0,0,0,0,0,1,1,0,0,0,0,0,0,0,0,0,0,0,0,0,1.0335486775382066,0.3334719039400563,0.2585074765986585
227,1,0.5836245612200516,99.0,0.0,0.0,0.0,0.0,99.0,0,0,0,0,0,0,0,0,0,0,0,1,0,0,1,0,0,0,0,0,0,0,0,0,0,0,0,0,0.0,0.1573155678598293,0.9518203900772324
228,1,0.5819604140544693,0.0,0.0,2.41,0.0,0.0,99.0,0,1,0,0,0,0,0,0,0,0,0,0,0,0,0,0,0,0,0,0,1,0,1,0,0,0,0,0,0.0,0.6403069139041826,0.2626280914388537
229,1,0.5819604140544693,99.0,0.0,0.0,0.0,0.0,99.0,0,0,1,0,0,0,0,0,0,0,0,0,0,0,1,0,0,0,0,0,0,0,0,0,0,0,0,0,0.0,0.6403069139041826,0.2626280914388537
230,0,0.5808967492946215,99.0,0.2,0.0,0.0,0.0,10.0,1,0,0,0,0,0,0,0,0,0,0,0,0,0,1,0,0,0,0,1,0,0,0,0,0,0,0,0,0.0,0.5961826758518027,0.26501945316613684
231,1,0.5814953005501942,99.0,0.0,0.0,0.0,0.0,99.0,1,0,0,0,0,0,0,0,0,0,0,0,0,0,1,0,0,0,0,0,0,0,0,0,0,0,0,0,0.0,0.5291625331827319,0.26340196200517485
232,0,0.5845114237933989,1.0,0.0,0.0,0.0,0.0,99.0,1,0,0,0,0,0,0,0,0,0,0,0,0,0,1,0,0,0,0,0,0,0,0,0,0,0,0,0,0.0,0.6994008310632785,0.2667358050447857
233,0,0.5846288450023699,0.0,0.0,2.0,0.0,0.0,7.0,0,1,0,0,0,0,0,0,0,0,0,0,0,0,0,0,0,0,1,0,0,0,1,0,0,0,0,0,0.0,0.7993639369154609,0.2765951588333297
234,0,0.5837689881122466,99.0,0.0,1.0,0.0,0.0,99.0,1,0,0,0,0,0,0,0,0,0,0,0,0,0,1,0,0,1,0,0,0,0,0,0,0,0,0,0,0.0,0.7498857158304735,0.26831709476161114
235,1,0.5920839974088302,99.0,0.0,2.0,0.0,0.0,99.0,1,0,0,0,0,0,0,0,0,0,0,0,0,0,1,1,0,0,0,0,0,0,0,0,0,0,0,0,0.0,0.8704650345435822,0.26344540597429805
236,1,0.5866043030951907,99.0,0.0,1.5,0.0,0.0,99.0,1,0,0,0,0,0,0,0,0,0,0,0,0,0,1,0,0,0,0,1,0,0,0,0,0,0,0,0,0.013345892921473085,0.6146200711656105,0.31268383604646466
237,1,0.5851832854027502,99.0,0.0,0.0,0.0,0.0,99.0,1,0,0,0,0,0,0,0,0,0,0,0,0,0,1,0,0,0,0,0,0,0,0,0,0,0,0,0,0.2186440051597866,0.5971831388803012,0.2754742189586788
238,1,0.5881670663047303,99.0,0.0,0.0,0.0,0.0,99.0,1,0,0,0,0,0,0,0,0,0,0,0,0,0,1,0,0,0,0,0,0,0,0,0,0,0,0,0,0.4074880582483188,0.6658343352795147,0.2440690638194874
239,1,0.5860952988848618,0.0,0.0,0.0,0.0,1300000.0,99.0,0,1,0,0,0,0,0,0,0,0,0,0,0,0,0,0,0,0,1,0,0,0,1,0,0,0,0,0,0.4997880820041215,0.7662080504645635,0.2428004466721838
240,1,0.5880285307768653,0.0,0.0,1.65,0.0,0.0,20.0,0,1,0,0,0,0,0,0,0,0,0,0,0,0,0,1,0,0,0,0,0,0,1,0,0,0,0,0,0.6103248591281649,0.671438550878001,0.2832306423011359
241,0,0.5887491325992201,0.0,0.0,0.0,0.0,7100000.0,15.0,0,1,0,0,0,0,0,0,0,0,0,0,0,0,0,1,0,0,0,0,0,0,1,0,0,0,0,0,0.5987593956588796,0.6774316700422041,0.3292448390791467
242,1,0.5857651733173596,99.0,0.0,0.0,0.0,3000000.0,99.0,0,0,0,0,1,0,0,0,0,0,0,0,0,1,1,0,0,0,0,0,0,0,0,0,0,0,0,0,1.0444871392840906,0.7482128225651151,0.3390369573322297
243,1,0.5886605263434413,99.0,0.0,0.0,0.0,0.0,99.0,1,0,0,0,0,0,0,0,0,0,0,0,0,0,1,0,0,0,0,0,0,0,0,0,0,0,0,0,0.0,0.8034297002004492,0.6727360153870813
244,1,0.5867609477182719,99.0,1.0,0.0,0.0,0.0,99.0,1,0,0,0,0,0,0,0,0,0,0,0,0,0,1,0,0,0,0,1,0,0,0,0,0,0,0,0,0.5812298735974883,0.8149652779946168,0.7300367121507473
245,1,0.5873645350977219,99.0,0.0,3.825,0.0,0.0,99.0,1,0,0,0,0,0,0,0,0,0,0,0,0,1,1,1,0,0,0,0,0,0,0,1,0,0,0,0,0.6463780298529069,0.6481366780430006,0.8370715944963965
246,1,0.5872192257964789,99.0,0.0,6.9,0.0,0.0,99.0,1,0,0,0,0,0,0,0,0,0,0,0,0,0,1,0,0,0,0,0,0,0,0,0,0,0,0,0,0.0,0.6533750576393249,0.8108808870687325
247,1,0.5872192257964789,99.0,0.0,0.0,0.0,0.0,99.0,1,0,0,0,0,0,0,0,0,0,0,0,0,0,1,0,0,0,0,0,0,0,0,0,0,0,0,0,0.0,0.6533750576393249,0.8108808870687325
248,0,0.5871582880910788,0.0,0.225,0.0,0.0,0.0,99.0,0,1,0,0,0,0,0,0,0,0,0,0,0,1,0,0,0,0,0,0,0,0,1,0,0,0,0,0,0.0,0.2229923387745373,0.260540754120569
249,0,0.5872435037777598,99.0,0.0,0.0,168000.0,0.0,99.0,1,0,0,0,0,0,0,0,0,0,0,0,0,0,1,0,0,0,0,0,0,0,0,1,0,0,0,0,0.04627607627365804,0.3245404041104073,0.2627490153646397
250,0,0.5872435037777598,99.0,2.0,0.0,0.0,0.0,5.0,1,0,0,0,0,0,0,0,0,0,0,0,0,0,1,1,0,0,0,0,0,0,0,0,0,0,0,0,0.04627607627365804,0.3245404041104073,0.2627490153646397
251,0,0.5876921189371013,99.0,2.0,0.0,0.0,0.0,4.0,1,0,0,0,0,0,0,0,0,0,0,0,0,0,1,0,0,0,0,0,0,1,0,0,0,0,0,0,0.053942754219602096,0.342546296483673,0.2794424388076262
252,1,0.5876405288471664,0.0,2.0,0.0,0.0,0.0,99.0,0,1,0,0,0,0,0,0,0,0,0,0,0,0,0,0,0,1,0,0,0,0,1,0,0,0,0,0,0.0,0.4452901337584529,0.29241091533649216
253,1,0.5875186533205721,99.0,0.0,0.0,0.0,0.0,99.0,1,0,0,0,0,0,0,0,0,0,0,0,0,1,1,0,0,0,0,0,0,0,0,0,0,0,0,0,0.0,0.42589463826702695,0.2907779962381529
254,0,0.5874715588048635,99.0,1.0,0.0,0.0,0.0,99.0,1,0,0,0,0,0,0,0,0,0,0,0,0,0,1,1,0,0,0,0,0,0,0,0,0,0,0,0,0.0,0.4187810766364857,0.3015146816655617
255,1,0.5872482195058566,99.0,1.0,0.0,0.0,0.0,99.0,1,0,0,0,0,0,0,0,0,0,0,0,0,0,1,1,0,0,0,0,0,0,0,0,0,0,0,0,0.0,0.3755644677329205,0.3295278210597516
256,0,0.5884817379846766,0.0,1.0,0.0,0.0,0.0,99.0,0,1,0,0,0,0,0,0,0,0,0,0,0,1,0,0,0,0,0,0,1,0,1,0,0,0,0,0,0.0,0.3301948245699443,0.4245204268801067
257,1,0.5884817379846766,99.0,0.0,0.0,0.0,0.0,99.0,1,0,0,0,0,0,0,0,0,0,0,0,0,0,1,0,0,0,0,0,0,0,0,0,0,0,0,0,0.0,0.3301948245699443,0.4245204268801067
258,1,0.5889398530344387,99.0,1.0,0.0,0.0,0.0,4.0,1,0,0,0,0,0,0,0,0,0,0,0,0,0,1,0,0,0,0,0,1,0,0,0,0,0,0,0,0.0,0.41163119198387055,0.4516143838391278
259,0,0.38554495547830686,99.0,0.0,0.5,0.0,0.0,99.0,1,0,0,0,0,0,0,0,0,0,0,0,0,0,1,0,0,0,0,1,0,0,0,0,0,0,0,0,0.0,1.5957511933293855,0.22487645611741852
260,0,0.38554495547830686,99.0,0.0,2.0,0.0,0.0,3.0,1,0,0,0,0,0,0,0,0,0,0,0,0,0,1,1,0,0,0,0,0,0,0,0,0,0,0,0,0.0,1.5957511933293855,0.22487645611741852
261,1,0.7002349425931435,99.0,0.0,0.0,0.0,0.0,99.0,1,0,0,0,0,0,0,0,0,0,0,0,0,0,1,0,0,0,1,0,0,0,0,0,0,0,0,0,0.07627969646570687,1.4278391237035932,0.2071284212120517
262,0,0.8430339804735296,99.0,0.0,5.0,0.0,0.0,99.0,1,0,0,0,0,0,0,0,0,0,0,0,0,0,1,0,0,0,0,0,1,0,0,0,0,0,0,0,0.1353221266255517,1.4391812475369992,0.2102256593596248
263,1,0.8906491450248061,99.0,0.0,0.0,0.0,0.0,99.0,0,0,1,0,0,0,0,0,0,0,0,0,0,1,0,0,0,0,0,0,0,0,0,0,0,0,0,0,0.2835785641840517,1.4958626846441931,0.20585493723717607
264,1,0.536017295049879,99.0,0.0,0.575,0.0,0.0,99.0,1,0,0,0,0,0,0,0,0,0,0,0,0,0,1,0,0,0,0,1,0,0,0,0,0,0,0,0,0.2844763939455057,1.5022833491394976,0.19511083932972306
265,1,0.5863891330361116,99.0,0.0,0.0,0.0,0.0,99.0,1,0,0,0,0,0,0,0,0,0,0,0,0,0,1,0,0,0,0,0,0,0,0,0,0,0,0,0,0.0,0.05379598806501569,0.2410037546933667
266,1,0.5863891330361116,99.0,0.0,0.0,0.0,0.0,99.0,1,0,0,0,0,0,0,0,0,0,0,0,0,0,0,0,0,0,0,0,1,0,0,0,0,0,0,0,0.0,0.05379598806501569,0.2410037546933667
267,0,0.5888566621119042,99.0,0.0,7.0,0.0,0.0,99.0,1,0,0,0,0,0,0,0,0,0,0,0,0,0,1,0,0,0,0,1,0,0,0,0,0,0,0,0,0.0,0.05844754260864004,0.2359563027225843
268,0,0.5888624866351135,0.0,0.0,7.0,0.0,0.0,11.0,0,1,0,0,0,0,0,0,0,0,0,0,0,0,1,0,0,0,0,0,0,0,1,0,0,0,0,0,0.0,0.06022058665902176,0.2451802845243109
269,1,0.5888966315863791,0.0,0.0,3.82,0.0,0.0,99.0,0,1,0,0,0,0,0,0,0,0,0,0,0,0,0,0,0,0,0,1,0,0,1,0,0,0,0,0,0.18238318013668486,0.05301107610288673,0.2509178002938423
270,0,0.584281855720162,99.0,0.0,0.0,0.0,2500000.0,99.0,1,0,0,0,0,0,0,0,0,0,0,0,0,0,1,1,0,0,0,0,0,0,0,0,0,0,0,0,0.0,0.198714070031621,0.25472797020934673
271,0,0.584281855720162,99.0,0.75,0.0,0.0,0.0,99.0,1,0,0,0,0,0,0,0,0,0,0,0,0,0,1,1,0,0,0,0,0,0,0,0,0,0,0,0,0.0,0.198714070031621,0.25472797020934673
272,0,0.5850857906418904,1.0,0.0,0.0,0.0,0.0,99.0,1,0,0,0,0,0,0,0,0,0,0,0,0,0,0,0,0,1,0,0,0,0,0,0,0,0,0,0,0.0,0.1970347250003297,0.2526569077294407
273,0,0.5850857906418904,99.0,0.0,0.0,0.0,4400000.0,99.0,1,0,0,0,0,0,0,0,0,0,0,0,0,0,1,0,0,1,0,0,0,0,0,0,0,0,0,0,0.0,0.1970347250003297,0.2526569077294407
274,1,0.5869412294929085,99.0,0.0,0.0,0.0,0.0,99.0,1,0,0,0,0,0,0,0,0,0,0,0,0,0,1,0,0,0,0,0,0,0,0,0,0,0,0,0,0.019770758037626228,0.21351682587167167,0.2629212090204258
275,0,0.5853616025191692,99.0,0.0,0.0,0.0,0.0,99.0,1,0,0,0,0,0,0,0,0,0,0,0,0,0,1,0,0,0,0,0,0,0,0,0,0,0,0,0,0.0,0.5222452809129846,0.10805594172934564
276,1,0.5849232353467086,99.0,0.0,0.0,0.0,0.0,99.0,1,0,0,0,0,0,0,0,0,0,0,0,0,0,1,0,0,0,0,0,0,0,0,0,0,0,0,0,0.0,0.5405241235075495,0.10823232104035888
277,0,0.5871732506523814,0.0,2.0,0.0,0.0,11700000.0,99.0,0,1,0,0,0,0,0,0,0,0,0,0,0,0,0,1,0,0,0,0,0,0,1,0,0,0,0,0,0.3748143981266564,0.865254610100557,0.10856502814393584
278,0,0.5868732190594909,99.0,0.0,1.0,0.0,0.0,99.0,1,0,0,0,0,0,0,0,0,0,0,0,0,1,1,0,0,0,1,0,0,0,0,0,0,0,0,0,0.5093349874693035,0.9235425775560704,0.108306248295987
279,1,0.5876393638691407,99.0,0.0,0.0,0.0,0.0,99.0,1,0,0,0,0,0,0,0,0,0,0,0,0,0,1,0,0,0,0,0,0,0,0,0,0,0,0,0,0.14620535397968346,0.3367976948126429,0.2522347249311645
280,1,0.5814955756416103,5.0,0.0,0.0,0.0,0.0,99.0,1,0,0,0,0,0,0,0,0,0,0,0,0,0,1,0,0,0,0,0,0,0,0,0,0,0,0,0,0.4294000679598989,0.3140557035619396,0.2460367854396309
281,0,0.5689958693427541,99.0,0.0,0.0,3130000.0,0.0,99.0,1,0,0,0,0,0,0,0,0,0,0,0,0,0,1,1,0,0,0,0,0,0,0,0,0,0,0,0,0.5961750101688961,0.27949575206256105,0.3041214190077966
282,0,0.5661178953984225,0.0,0.0,0.0,0.0,0.0,99.0,0,1,0,0,0,0,0,0,0,0,0,0,0,0,0,0,0,0,0,1,0,0,1,0,0,0,0,0,0.9804854658216368,0.19184941311441114,0.28864173329192266
283,1,0.5250113370338992,99.0,0.0,0.0,0.0,0.0,99.0,1,0,0,0,0,0,0,0,0,0,0,0,0,0,1,0,0,0,0,0,0,0,0,0,0,0,0,0,0.0,0.1882681890585308,0.325328776862916
284,0,0.49008551918466986,99.0,0.25,0.0,0.0,0.0,7.0,1,0,0,0,0,0,0,0,0,0,0,0,0,0,1,0,1,0,0,0,0,0,0,0,0,0,0,0,0.0,1.1130808917183397,0.12566173739601585
285,0,0.49008551918466986,0.0,0.0,3.96,0.0,0.0,99.0,0,1,0,0,0,0,0,0,0,0,0,0,0,0,0,1,0,0,0,0,0,0,1,0,0,0,0,0,0.0,1.1130808917183397,0.12566173739601585
286,1,0.49008551918466986,0.0,0.0,0.0,0.0,0.0,99.0,0,1,0,0,0,0,0,0,0,0,0,0,0,0,0,0,0,0,0,0,0,0,1,0,0,0,0,0,0.0,1.1130808917183397,0.12566173739601585
287,1,0.48395884552784735,99.0,0.25,0.0,0.0,0.0,8.0,1,0,0,0,0,0,0,0,0,0,0,0,0,0,1,0,0,0,1,0,0,0,0,0,0,0,0,0,0.07294230770926187,1.1617297222040008,0.12599102432333334
288,0,0.4751797763455191,0.0,0.43,0.0,0.0,0.0,20.0,0,1,0,0,0,0,0,0,0,0,0,0,0,0,0,1,0,0,0,0,0,0,1,0,0,0,0,0,0.07352382550425351,1.1382566335355264,0.1356082165997983
289,1,0.46851709748183534,99.0,0.2,0.0,0.0,0.0,15.0,1,0,0,0,0,0,0,0,0,0,0,0,0,0,1,0,0,1,0,0,0,0,0,0,0,0,0,0,0.113143890207333,1.0870675746419745,0.14013041126610987
290,1,0.46851709748183534,99.0,0.2,0.0,0.0,0.0,17.0,1,0,0,0,0,0,0,0,0,0,0,0,0,0,1,1,0,0,0,0,0,0,0,0,0,0,0,0,0.113143890207333,1.0870675746419745,0.14013041126610987
291,1,0.4751079517755098,99.0,0.1,0.0,0.0,0.0,1.0,1,0,0,0,0,0,0,0,0,0,0,0,0,0,1,0,0,0,0,0,0,1,0,0,0,0,0,0,0.1059058782984515,1.1105796418066651,0.15586361032236762
292,0,0.4751079517755098,99.0,0.0,0.19,0.0,0.0,99.0,1,0,0,0,0,0,0,0,0,0,0,0,0,0,1,0,0,0,1,0,0,0,0,0,0,0,0,0,0.1059058782984515,1.1105796418066651,0.15586361032236762
293,1,0.47942361949891527,0.0,0.25,0.0,0.0,0.0,99.0,0,1,0,0,0,0,0,0,0,0,0,0,0,0,0,0,0,0,1,0,0,0,1,0,0,0,0,0,0.0,1.0889996705218836,0.17221776107324352
294,1,0.47942361949891527,0.0,0.15,0.0,0.0,0.0,99.0,0,1,0,0,0,0,0,0,0,0,0,0,0,0,0,0,0,0,0,0,0,1,1,0,0,0,0,0,0.0,1.0889996705218836,0.17221776107324352
295,1,0.47942361949891527,0.0,0.0,0.0,0.0,0.0,99.0,0,1,0,0,0,0,0,0,0,0,0,0,0,0,0,0,0,0,0,0,0,0,1,0,0,1,0,0,0.0,1.0889996705218836,0.17221776107324352
296,1,0.47942361949891527,99.0,0.0,0.0,0.0,0.0,99.0,1,0,0,0,0,0,0,0,0,0,0,0,0,0,1,0,0,0,0,0,0,0,0,0,0,0,0,0,0.0,1.0889996705218836,0.17221776107324352
297,0,0.48141341852137925,99.0,0.0,1.0,0.0,0.0,99.0,1,0,0,0,0,0,0,0,0,0,0,0,0,0,1,0,0,0,0,1,0,0,0,0,0,0,0,0,0.0,1.1265557157711408,0.1883286561977177
298,1,0.48997441141668396,99.0,0.0,0.75,0.0,0.0,99.0,1,0,0,0,0,0,0,0,0,0,0,0,0,0,1,0,0,0,0,1,0,0,0,0,0,0,0,0,0.0,1.1872111664718847,0.19579789151420274
299,1,0.48997441141668396,0.0,0.15,0.0,0.0,0.0,1.0,0,1,0,0,0,0,0,0,0,0,0,0,0,0,0,0,0,0,0,0,0,1,1,0,0,0,0,0,0.0,1.1872111664718847,0.19579789151420274
300,0,0.2876230801040351,99.0,0.0,0.3,0.0,0.0,6.0,1,0,0,0,0,0,0,0,0,0,0,0,0,0,1,0,0,0,0,1,0,0,0,0,0,0,0,0,0.0,1.218605919350253,0.20390794359691908
301,0,0.5837198328495989,0.0,0.4,0.0,0.0,0.0,99.0,0,1,0,0,0,0,0,0,0,0,0,0,0,0,0,1,0,0,0,0,0,0,1,0,0,0,0,0,0.0,1.2075223122166403,0.20555960686030134
302,0,0.5872113294848484,99.0,0.0,0.08199999999999999,0.0,0.0,99.0,1,0,0,0,0,0,0,0,0,0,0,0,0,0,1,0,0,0,0,0,0,0,0,1,0,0,0,0,0.0,1.241480092369647,0.2195788381970885
303,1,0.5798385361297912,99.0,0.0,5.0,0.0,0.0,99.0,1,0,0,0,0,0,0,0,0,0,0,0,0,0,1,1,0,0,0,0,0,0,0,0,0,0,0,0,0.0,1.2571773059655476,0.21922975427549235
304,0,0.5689773427393477,99.0,0.25,0.0,0.0,0.0,99.0,0,0,1,0,0,0,0,0,0,0,0,0,0,0,1,0,0,0,0,1,0,0,0,0,0,0,0,0,0.0,1.1039590605965195,0.22365402443876056
305,0,0.5861177548483341,0.0,0.5,0.0,0.0,0.0,99.0,0,1,0,0,0,0,0,0,0,0,0,0,0,1,0,0,0,0,0,0,0,0,1,0,0,0,0,0,0.02226098305917823,0.3797423924792928,0.268306488023331
306,1,0.5862345359694479,0.0,0.5,0.0,0.0,0.0,99.0,0,1,0,0,0,0,0,0,0,0,0,0,0,0,0,1,0,0,0,0,0,0,1,0,0,0,0,0,0.05414971449826034,0.29676519959964204,0.2373411647723988
307,0,0.5853890254102613,99.0,0.5,0.0,0.0,3500000.0,99.0,1,0,0,0,0,0,0,0,0,0,0,0,0,0,1,1,0,0,0,0,0,0,0,0,0,0,0,0,0.025514384041414262,0.3082862469666208,0.2370070967954563
308,1,0.586782757880702,99.0,1.0,0.0,0.0,6600000.0,99.0,1,0,0,0,0,0,0,0,0,0,0,0,0,0,1,1,0,0,0,0,0,0,0,0,0,0,0,0,0.09801236931840852,0.3808494520868427,0.22057123423847644
309,0,0.5864372298217617,99.0,0.0,0.0,0.0,0.0,99.0,1,0,0,0,0,0,0,0,0,0,0,0,0,0,1,0,0,0,0,0,0,0,0,0,0,0,0,0,0.2184028605537205,0.3254700415336623,0.2676175227102489
310,0,0.5861127430912657,10.0,0.0,0.0,0.0,0.0,99.0,1,0,0,0,0,0,0,0,0,0,0,0,0,0,1,0,0,0,0,0,0,0,0,0,0,0,0,0,0.49555162992431295,0.27025695034904035,0.2854575355366276
311,0,0.5852699538080048,99.0,0.0,0.0,0.0,0.0,99.0,0,0,0,1,0,0,0,1,0,0,0,0,0,0,1,0,0,0,0,0,0,0,0,0,0,0,0,0,0.7411496800390525,0.21973754794686806,0.3341096155403399
312,0,0.5711683551304525,11.0,0.0,0.0,0.0,0.0,99.0,1,0,0,0,0,0,0,0,0,0,0,0,0,0,1,0,0,0,0,0,0,0,0,0,0,0,0,0,0.9418864293036155,0.17759761878667565,0.35517665978485274
313,0,0.5862104038742193,99.0,1.0,0.0,0.0,0.0,11.0,1,0,0,0,0,0,0,0,0,0,0,0,0,0,1,0,0,0,0,0,0,0,0,0,1,0,0,1,1.4936369675037284,0.1073468061960966,0.3828549958405237
314,1,0.5861992491090094,99.0,0.0,0.0,0.0,0.0,99.0,0,0,0,0,0,0,1,0,0,0,0,0,0,0,1,0,0,0,0,0,0,0,0,0,0,0,0,0,1.6108065942493934,0.10389377925992713,0.3174893398769057
315,1,0.5861992491090094,5.0,0.0,0.0,0.0,0.0,99.0,1,0,0,0,0,0,0,0,0,0,0,0,0,0,1,0,0,0,0,0,0,0,0,0,0,0,0,0,1.6108065942493934,0.10389377925992713,0.3174893398769057
316,1,0.5861992491090094,0.0,0.0,3.0,0.0,0.0,99.0,0,1,0,0,0,0,0,0,0,0,0,0,0,1,0,0,0,0,0,0,0,0,1,0,0,0,0,0,1.6108065942493934,0.10389377925992713,0.3174893398769057
317,1,0.5861992491090094,99.0,0.0,0.0,0.0,0.0,99.0,0,0,1,0,0,0,0,0,0,0,0,0,0,0,0,1,0,0,0,0,0,0,0,0,0,0,0,0,1.6108065942493934,0.10389377925992713,0.3174893398769057
318,0,0.5862901305489103,99.0,1.0,0.0,0.0,20000000.0,10.0,1,0,0,0,0,0,0,0,0,0,0,0,0,1,1,0,0,0,0,0,0,0,0,0,0,0,0,0,1.8453931144459104,0.09161932437668134,0.3906329202861524
319,0,0.5854647229777573,99.0,0.35,0.0,0.0,0.0,5.0,1,0,0,0,0,0,0,0,0,0,0,0,0,1,1,0,0,0,0,0,0,0,0,0,0,0,0,0,2.1322796581720938,0.07153230888798151,0.3861236536843005
320,0,0.5854647229777573,99.0,0.1,0.0,0.0,0.0,5.0,1,0,0,0,0,0,0,0,0,0,0,0,0,0,1,0,0,0,0,1,0,0,0,0,0,0,0,0,2.1322796581720938,0.07153230888798151,0.3861236536843005
321,0,0.5854647229777573,99.0,0.05,0.0,0.0,0.0,5.0,1,0,0,0,0,0,0,0,0,0,0,0,0,0,1,0,0,0,0,0,0,0,0,0,0,0,1,0,2.1322796581720938,0.07153230888798151,0.3861236536843005
322,0,0.5854647229777573,99.0,0.05,0.0,0.0,0.0,5.0,1,0,0,0,0,0,0,0,0,0,0,0,0,0,1,1,0,0,0,0,0,0,0,0,0,0,0,0,2.1322796581720938,0.07153230888798151,0.3861236536843005
323,0,0.5854647229777573,99.0,0.0,0.0,0.0,0.0,99.0,1,0,0,0,0,0,0,0,0,0,0,0,0,0,1,0,0,0,0,0,0,0,0,0,0,0,0,0,2.1322796581720938,0.07153230888798151,0.3861236536843005
324,1,0.5875910555652742,0.0,0.0,4.0,0.0,0.0,99.0,0,1,0,0,0,0,0,0,0,0,0,0,0,0,0,0,0,0,0,1,0,0,1,0,0,0,0,0,0.0,0.20257953807548634,0.38643320837524
325,1,0.5876469313597443,99.0,0.0,0.0,0.0,0.0,99.0,1,0,0,0,0,0,0,0,0,0,0,0,0,0,1,0,0,0,0,0,0,0,0,0,0,0,0,0,0.0,0.18633513216409334,0.34667717401652265
326,1,0.5872824682863854,99.0,2.0,0.0,0.0,0.0,99.0,0,0,0,0,0,0,0,0,1,0,0,0,0,0,1,0,0,1,0,0,0,0,0,0,0,0,0,0,0.0,0.19464127117086352,0.3249785518749918
327,1,0.5747667251119744,99.0,0.0,0.0,0.0,0.0,99.0,0,0,0,0,0,0,1,0,0,0,0,0,0,1,0,0,0,0,0,0,0,0,0,0,0,0,0,0,0.0,0.3738966204495966,0.20889128768871096
328,1,0.5775928057860855,99.0,0.5,0.0,0.0,0.0,99.0,1,0,0,0,0,0,0,0,0,0,0,0,0,1,1,0,0,0,0,0,0,0,0,0,0,0,0,0,0.0,0.4123458200597663,0.19824596573225967
329,1,0.5802747142872408,99.0,0.0,0.0,0.0,0.0,99.0,1,0,0,0,0,0,0,0,0,0,0,0,0,0,1,0,0,0,0,0,0,0,0,0,0,0,0,0,0.1279432736850294,0.5000184220841765,0.2120509792095961
330,0,0.5800571597215575,99.0,0.0,0.0,0.0,11950000.0,99.0,1,0,0,0,0,0,0,0,0,0,0,0,0,0,1,1,0,0,0,0,0,0,0,0,0,0,0,0,0.06879388644253304,0.519590172678282,0.18977090700226545
331,1,0.5791326229400104,99.0,0.5,0.0,0.0,0.0,25.0,1,0,0,0,0,0,0,0,0,0,0,0,0,0,1,1,0,0,0,0,0,0,0,0,0,0,0,0,0.039782341341319735,0.5680880231200717,0.19727934476474487
332,1,0.5791326229400104,0.0,0.0,0.0,0.0,0.0,99.0,0,1,0,0,0,0,0,0,0,0,0,0,0,0,0,0,0,0,0,0,0,0,1,0,0,0,0,0,0.039782341341319735,0.5680880231200717,0.19727934476474487
333,0,0.5847218740207754,99.0,0.5,0.0,0.0,0.0,99.0,1,0,0,0,0,0,0,0,0,0,0,0,0,0,1,1,0,0,0,0,0,0,0,0,0,0,0,0,0.3425557769456915,0.2755968621805299,0.26279518995150736
334,1,0.5847218740207754,0.0,0.0,0.0,0.0,0.0,99.0,0,1,0,0,0,0,0,0,0,0,0,0,0,0,0,0,0,0,0,0,0,0,1,0,0,0,0,0,0.3425557769456915,0.2755968621805299,0.26279518995150736
335,0,0.5670539316075861,0.0,0.01,0.0,0.0,0.0,10.0,0,1,0,0,0,0,0,0,0,0,0,0,0,0,0,0,0,0,0,1,0,0,1,0,0,0,0,0,0.0,1.040312428245096,0.2674815435243925
336,0,0.5487940702793827,99.0,0.0,0.0,0.0,0.0,99.0,0,0,0,1,0,0,0,1,0,0,0,0,0,0,1,0,0,0,0,0,0,0,0,0,0,0,0,0,0.09595213670808687,1.1204234666379704,0.27855281063709936
337,1,0.5487940702793827,99.0,0.0,0.27,0.0,0.0,99.0,1,0,0,0,0,0,0,0,0,0,0,0,0,0,1,0,0,0,0,0,1,0,0,0,0,0,0,0,0.09595213670808687,1.1204234666379704,0.27855281063709936
338,0,0.5225361266240778,5.0,0.0,0.0,0.0,0.0,99.0,0,0,0,0,1,0,0,0,0,0,0,0,0,0,1,0,0,0,0,0,0,0,0,0,0,0,0,0,0.28836374389567426,1.0665879165580738,0.2841305920585621
339,1,0.43898869562921644,3.0,0.0,0.0,0.0,0.0,99.0,0,0,0,0,0,0,1,0,0,0,0,0,0,0,1,0,0,0,0,0,0,0,0,0,0,0,0,0,0.3021530382501993,1.0537724157716863,0.2786293926260681
340,0,0.43898869562921644,99.0,0.0,0.25,0.0,0.0,99.0,1,0,0,0,0,0,0,0,0,0,0,0,0,0,1,0,0,0,0,0,0,0,0,1,0,0,0,0,0.3021530382501993,1.0537724157716863,0.2786293926260681
341,1,0.5769661444179889,99.0,0.0,0.5,0.0,0.0,99.0,1,0,0,0,0,0,0,0,0,0,0,0,0,0,1,0,0,0,0,0,1,0,0,0,0,0,0,0,0.3115963352019046,0.9609267458644859,0.291451701951776
342,0,0.5769661444179889,99.0,0.0,0.0,0.0,15700000.0,99.0,1,0,0,0,0,0,0,0,0,0,0,0,0,0,1,0,0,0,0,0,1,0,0,0,0,0,0,0,0.3115963352019046,0.9609267458644859,0.291451701951776
343,1,0.5885781741713615,99.0,0.0,0.0,0.0,0.0,99.0,1,0,0,0,0,0,0,0,0,0,0,0,0,0,1,0,0,0,0,0,0,0,0,0,0,0,0,0,0.0,0.6128662871852741,0.4238063478830464
344,1,0.5884292211536623,0.0,0.6,0.0,0.0,0.0,99.0,0,1,0,0,0,0,0,0,0,0,0,0,0,0,0,0,0,0,0,1,0,0,1,0,0,0,0,0,0.16956853708522307,0.6301995689476521,0.32278125679495545
345,1,0.5884824134276565,99.0,0.0,2.83,0.0,0.0,99.0,1,0,0,0,0,0,0,0,0,0,0,0,0,0,1,0,0,0,0,0,0,0,0,0,0,0,0,0,0.13281584699265805,0.6740278088367145,0.3696058563487548
346,1,0.588502386682366,0.0,2.0,0.0,0.0,0.0,99.0,0,1,0,0,0,0,0,0,0,0,0,0,0,0,0,0,0,1,0,0,0,0,1,0,0,0,0,0,0.3433351641130267,0.9310564999259842,0.4036180422264875
347,0,0.5877292071590396,99.0,1.0,0.0,0.0,0.0,5.0,1,0,0,0,0,0,0,0,0,0,0,0,0,0,1,1,0,0,0,0,0,0,0,0,0,0,0,0,0.35211563711164184,0.8518811285710809,0.5552974875354385
348,0,0.5874213319116656,99.0,0.05,0.0,0.0,0.0,99.0,1,0,0,0,0,0,0,0,0,0,0,0,0,0,1,0,0,0,0,1,0,0,0,0,0,0,0,0,0.4049777714347795,0.9413872010060704,0.6541166192680161
349,1,0.5933463060051553,99.0,0.0,0.0,0.0,0.0,99.0,1,0,0,0,0,0,0,0,0,0,0,0,0,0,1,0,0,0,0,0,0,0,0,0,0,0,0,0,0.0,0.07567248737002542,0.2300172498312014
350,1,0.5960567970546444,5.0,0.0,0.0,0.0,0.0,99.0,0,0,0,1,0,0,0,0,0,0,0,0,0,0,1,0,0,0,0,0,0,0,0,0,0,0,0,0,0.18611027075984574,0.11453045460599345,0.2347081232699201
351,1,0.5960567970546444,99.0,0.0,1.0,0.0,0.0,99.0,1,0,0,0,0,0,0,0,0,0,0,0,0,0,1,0,0,0,0,1,0,0,0,0,0,0,0,0,0.18611027075984574,0.11453045460599345,0.2347081232699201
352,1,0.5962767875135198,99.0,0.0,3.0,0.0,0.0,39.0,1,0,0,0,0,0,0,0,0,0,0,0,0,0,1,0,0,0,0,1,0,0,0,0,0,0,0,0,0.28101423632732314,0.12393551889102734,0.2944010965297596
353,0,0.5833065095613021,0.0,1.0,0.0,0.0,0.0,99.0,0,1,0,0,0,0,0,0,0,0,0,0,0,1,0,0,0,0,0,0,0,0,1,0,0,0,0,0,0.0,0.31269354294751583,0.1714067849262292
354,0,0.5821094613635351,99.0,1.0,0.0,0.0,0.0,99.0,1,0,0,0,0,0,0,0,0,0,0,0,0,0,1,0,0,0,0,0,0,0,0,0,0,0,0,0,0.016639659191283122,0.4316538356971826,0.16477377350475514
355,1,0.5823344753629914,0.0,0.45,0.0,0.0,6260000.0,99.0,0,1,0,0,0,0,0,0,0,0,0,0,0,0,0,1,0,0,0,0,0,0,1,0,0,0,0,0,0.25781832573905045,0.40362142173542415,0.17640678069826504
356,1,0.5588374853242878,99.0,0.0,0.0,0.0,0.0,99.0,1,0,0,0,0,0,0,0,0,0,0,0,0,0,1,0,0,0,0,0,0,0,0,0,0,0,0,0,0.0,0.4101307049981263,0.2444161327650927
357,0,0.583459913256489,99.0,0.551,0.0,0.0,0.0,99.0,1,0,0,0,0,0,0,0,0,0,0,0,0,1,1,0,0,0,0,0,0,0,0,0,0,0,0,0,0.0,0.3961950845811343,0.2419506931281988
358,0,0.5828204398493907,99.0,0.5,0.0,0.0,0.0,5.0,1,0,0,0,0,0,0,0,0,0,0,0,0,1,1,0,0,0,0,0,0,0,0,0,0,0,0,0,0.0,0.3367058465086564,0.2750443314564248
359,0,0.5828204398493907,99.0,0.5,0.0,0.0,0.0,5.0,1,0,0,0,0,0,0,0,0,0,0,0,0,1,1,0,0,0,0,0,0,0,0,0,0,0,0,0,0.0,0.3367058465086564,0.2750443314564248
360,1,0.5824910618762058,99.0,0.0,1.45,0.0,0.0,99.0,1,0,0,0,0,0,0,0,0,0,0,0,0,0,1,1,0,0,0,0,0,0,0,0,0,0,0,0,0.0,0.30855800645456466,0.278485719021727
361,1,0.5822943082160907,0.0,0.0,0.0,0.0,12000000.0,99.0,0,1,0,0,0,0,0,0,0,0,0,0,0,0,0,1,0,0,0,0,0,0,1,0,0,0,0,0,0.0,0.6679101332886129,0.20067076841730536
362,0,0.577392171697138,99.0,0.0,0.0,0.0,0.0,99.0,1,0,0,0,0,0,0,0,0,0,0,0,0,0,1,0,0,0,0,0,0,0,0,0,0,0,0,0,0.09611135411004064,0.7325674008779818,0.1967643398903748
363,0,0.5780805853471176,99.0,0.0,0.0,0.0,0.0,99.0,0,0,0,0,0,0,1,0,0,0,0,0,0,0,1,0,0,0,0,0,0,0,0,0,0,0,0,0,0.16926224138829887,0.6579393447508037,0.18636533017989496
364,0,0.5781748795332767,99.0,0.0,0.0,0.0,0.0,99.0,1,0,0,0,0,0,0,0,0,0,0,0,0,0,1,0,0,0,0,0,0,0,0,0,0,0,0,0,0.24781864366721626,0.6901514201177602,0.17349936359068832
365,0,0.5458403087734152,99.0,0.0,0.0,0.0,0.0,99.0,0,0,0,1,0,0,0,1,0,0,0,0,0,0,1,0,0,0,0,0,0,0,0,0,0,0,0,0,0.26672669623552003,0.7062798271184741,0.20941527470608776
366,0,0.5846138592708947,0.0,0.0,0.0,0.0,0.0,99.0,0,1,0,0,0,0,0,0,0,0,0,0,0,1,0,1,0,0,0,0,0,0,1,0,0,0,0,0,0.26123549549086805,0.6750866364744816,0.1923819975257888
367,0,0.5848893819710317,99.0,1.0,0.0,0.0,0.0,10.0,1,0,0,0,0,0,0,0,0,0,0,0,0,1,1,1,0,0,0,0,0,0,0,0,0,0,0,0,0.2557058664784038,0.6865718445631189,0.1911730554972101
368,1,0.5852507036093348,0.0,0.75,0.0,0.0,0.0,10.0,0,1,0,0,0,0,0,0,0,0,0,0,0,0,0,1,0,0,0,0,0,0,1,0,0,0,0,0,0.4039146544623908,0.7198582569307621,0.20163552577292146
369,1,0.5852507036093348,0.0,0.25,0.0,0.0,0.0,10.0,0,1,0,0,0,0,0,0,0,0,0,0,0,1,0,0,0,0,0,0,0,0,1,0,0,0,0,0,0.4039146544623908,0.7198582569307621,0.20163552577292146
370,1,0.5851380609650566,99.0,0.0,0.0,0.0,0.0,99.0,0,0,0,1,0,0,0,1,0,0,0,0,0,1,0,1,0,0,0,1,0,0,0,0,0,0,0,0,0.4329970444691733,0.7056388259400614,0.2001131287205591
371,1,0.5842597334709664,99.0,1.0,0.0,0.0,0.0,99.0,1,0,0,0,0,0,0,0,0,0,0,0,0,1,1,0,0,0,0,0,0,0,0,0,0,0,0,0,0.6615888165190492,0.7389091409312882,0.18982798483811789
372,1,0.5842597334709664,99.0,0.75,0.0,0.0,0.0,99.0,1,0,0,0,0,0,0,0,0,0,0,0,0,0,1,1,0,0,0,0,0,0,0,0,0,0,0,0,0.6615888165190492,0.7389091409312882,0.18982798483811789
373,1,0.5807995697169408,99.0,0.0,0.0,0.0,0.0,99.0,1,0,0,0,0,0,0,0,0,0,0,0,0,0,1,0,0,0,0,0,0,0,0,0,0,0,0,0,0.009834564905679516,0.22603865836183354,0.2523477743768611
374,0,0.5846016010541736,99.0,1.0,0.0,0.0,8000000.0,99.0,1,0,0,0,0,0,0,0,0,0,0,0,0,0,1,0,0,0,0,1,0,0,0,0,0,0,0,0,0.05080594018666583,0.2472905170192277,0.2469311688311689
375,0,0.587382638194425,0.0,0.013000000000000001,0.0,0.0,0.0,10.0,0,1,0,0,0,0,0,0,0,0,0,0,0,0,0,0,1,0,0,0,0,0,1,0,0,0,0,0,0.0,0.25493710961736504,0.2401640790157952
376,1,0.5812436398355085,99.0,0.0,0.0,0.0,0.0,99.0,1,0,0,0,0,0,0,0,0,0,0,0,0,0,1,0,0,0,0,0,0,0,0,0,0,0,0,0,0.0,0.5576519891716024,0.20979036591656208
377,1,0.5651462104376989,0.0,0.0,1.5,0.0,0.0,30.0,0,1,0,0,0,0,0,0,0,0,0,0,0,0,0,0,0,0,1,0,0,0,1,0,0,0,0,0,0.10500368425296724,0.6179726236359873,0.18067546373328405
378,1,0.5876428608822989,99.0,0.0,0.0,0.0,0.0,99.0,0,0,1,0,0,0,0,0,0,0,0,0,0,0,1,0,0,0,0,0,0,0,0,0,0,0,0,0,0.03521434118094152,0.6592980790556754,0.2659721835237299
379,0,0.5870058037261487,0.0,3.0,0.0,0.0,0.0,99.0,0,1,0,0,0,0,0,0,0,0,0,0,0,1,0,0,0,0,0,0,0,0,1,0,0,0,0,0,0.17332048820287105,0.5573613676160141,0.2720759025889094
380,0,0.5870058037261487,0.0,3.0,0.0,0.0,0.0,99.0,0,1,0,0,0,0,0,0,0,0,0,0,0,0,0,0,0,0,0,1,0,0,1,0,0,0,0,0,0.17332048820287105,0.5573613676160141,0.2720759025889094
381,1,0.5864006416030995,99.0,0.0,0.0,0.0,0.0,99.0,1,0,0,0,0,0,0,0,0,0,0,0,0,0,1,0,0,0,0,0,0,0,0,0,0,0,0,0,0.3735777956052124,0.6015197137709744,0.2837483080613381
382,1,0.5857897863105134,0.0,0.0,1.0,0.0,0.0,10.0,0,1,0,0,0,0,0,0,0,0,0,0,0,0,0,0,0,0,0,1,0,0,1,0,0,0,0,0,0.43028609283304986,0.7176174885038775,0.3561668103723574
383,1,0.5857897863105134,99.0,0.0,0.0,0.0,0.0,99.0,1,0,0,0,0,0,0,0,0,0,0,0,0,0,1,0,0,0,0,0,0,0,0,0,0,0,0,0,0.43028609283304986,0.7176174885038775,0.3561668103723574
384,1,0.5857897863105134,99.0,0.0,0.0,0.0,0.0,99.0,1,0,0,0,0,0,0,0,0,0,0,0,0,0,0,0,0,0,0,1,0,0,0,0,0,0,0,0,0.43028609283304986,0.7176174885038775,0.3561668103723574
385,1,0.5825711824874404,99.0,0.0,0.0,0.0,0.0,99.0,1,0,0,0,0,0,0,0,0,0,0,0,0,0,1,0,0,0,0,0,0,0,0,0,0,0,0,0,0.0,0.7291773313394989,0.3382226210478081
386,0,0.5825711824874404,99.0,1.0,0.0,0.0,0.0,11.0,1,0,0,0,0,0,0,0,0,0,0,0,0,0,1,0,0,0,1,0,0,0,0,0,0,0,0,0,0.0,0.7291773313394989,0.3382226210478081
387,1,0.5878603379820706,99.0,0.0,2.0,0.0,0.0,99.0,1,0,0,0,0,0,0,0,0,0,0,0,0,0,1,1,0,0,0,0,0,0,0,0,0,0,0,0,0.0,0.6764252474169271,0.3291731881347642
388,0,0.5871977946186457,99.0,3.0,0.0,0.0,0.0,99.0,1,0,0,0,0,0,0,0,0,0,0,0,0,1,1,0,0,0,0,0,0,0,0,0,0,0,0,0,0.0,0.6767042678631264,0.4180689335803123
389,0,0.5871977946186457,99.0,0.0,0.0,0.0,0.0,99.0,1,0,0,0,0,0,0,0,0,0,0,0,0,1,1,0,0,0,0,0,0,0,0,0,0,0,0,0,0.0,0.6767042678631264,0.4180689335803123
390,1,0.5866974425795844,99.0,1.0,0.0,0.0,0.0,99.0,1,0,0,0,0,0,0,0,0,0,0,0,0,1,1,0,0,0,0,0,0,0,0,0,0,0,0,0,0.0,0.7216996520249955,0.4317931238885596
391,0,0.5741534889200524,99.0,0.0,0.0,0.0,0.0,99.0,0,0,0,0,1,0,0,0,0,0,0,0,0,0,1,0,0,0,0,0,0,0,0,0,0,0,0,0,0.0,0.9365509169389562,0.3320647729197416
392,0,0.5732651092229061,0.0,0.0,0.5,0.0,0.0,99.0,0,1,0,0,0,0,0,0,0,0,0,0,0,0,0,0,0,0,0,0,0,0,1,1,0,0,0,0,0.0,1.0040374181773235,0.3543583325607985
393,0,0.5732651092229061,99.0,0.0,0.0,0.0,0.0,99.0,1,0,0,0,0,0,0,0,0,0,0,0,0,0,1,0,0,0,0,0,0,0,0,0,0,0,0,0,0.0,1.0040374181773235,0.3543583325607985
394,0,0.5727036525037268,99.0,1.0,0.0,0.0,0.0,10.0,1,0,0,0,0,0,0,0,0,0,0,0,0,1,1,0,0,0,0,0,0,0,0,0,0,0,0,0,0.11469650363183255,1.0164983310727542,0.3664165202630077
395,1,0.5727036525037268,99.0,0.0,0.0,0.0,0.0,99.0,0,0,0,0,1,0,0,0,0,0,0,0,0,0,1,0,0,0,0,0,0,0,0,0,0,0,0,0,0.11469650363183255,1.0164983310727542,0.3664165202630077
396,1,0.5727036525037268,99.0,0.0,0.0,0.0,0.0,99.0,1,0,0,0,0,0,0,0,0,0,0,0,0,0,1,0,0,0,0,0,0,0,0,0,0,0,0,0,0.11469650363183255,1.0164983310727542,0.3664165202630077
397,0,0.5719169155597955,99.0,1.0,0.0,0.0,0.0,10.0,1,0,0,0,0,0,0,0,0,0,0,0,0,1,1,0,0,0,0,0,0,0,0,0,0,0,0,0,0.08647720068926767,1.0684690654653688,0.4165125251143504
398,1,0.5719169155597955,99.0,0.0,0.0,0.0,4500000.0,99.0,1,0,0,0,0,0,0,0,0,0,0,0,0,0,1,1,0,0,0,0,0,0,0,0,0,0,0,0,0.08647720068926767,1.0684690654653688,0.4165125251143504
399,0,0.5719169155597955,99.0,0.0,0.0,0.0,0.0,99.0,0,0,0,1,0,1,0,0,0,0,0,0,0,0,1,0,0,0,0,0,0,0,0,0,0,0,0,0,0.08647720068926767,1.0684690654653688,0.4165125251143504
400,1,0.5708710256827936,99.0,1.0,0.0,0.0,0.0,11.0,1,0,0,0,0,0,0,0,0,0,0,0,0,0,1,0,0,0,1,0,0,0,0,0,0,0,0,0,0.3353538370183167,1.010383412417236,0.4292720913486267
401,1,0.5705760512951954,99.0,0.0,0.0,0.0,0.0,99.0,1,0,0,0,0,0,0,0,0,0,0,0,0,0,1,0,0,0,0,0,0,0,0,0,0,0,0,0,0.31195833671434503,1.1082211038248209,0.4182817984129407
402,1,0.5705760512951954,99.0,0.0,0.0,0.0,0.0,99.0,0,0,0,0,0,0,1,0,0,0,0,0,0,0,1,0,0,0,0,0,0,0,0,0,0,0,0,0,0.31195833671434503,1.1082211038248209,0.4182817984129407
403,0,0.57028058484725,0.0,1.0,0.0,0.0,0.0,99.0,0,1,0,0,0,0,0,0,0,0,0,0,0,0,0,0,0,0,0,0,0,0,1,1,0,0,0,0,0.5545349622848916,0.9772895709085582,0.40718421255385856
404,0,0.569761444132041,99.0,1.0,0.0,0.0,0.0,99.0,1,0,0,0,0,0,0,0,0,0,0,0,0,0,1,0,0,0,1,0,0,0,0,1,0,0,0,0,0.514826993621533,1.071018025020371,0.3880974937009535
405,0,0.5688503200575565,99.0,1.0,0.0,0.0,0.0,99.0,1,0,0,0,0,0,0,0,0,0,0,0,0,1,1,0,0,0,0,0,0,0,0,1,0,0,0,0,0.6332700865345848,1.0387644995585614,0.4033003031678694
406,0,0.5688503200575565,0.0,0.0,0.25,0.0,0.0,99.0,0,1,0,0,0,0,0,0,0,0,0,0,0,0,0,0,0,0,1,0,0,0,1,0,0,0,0,0,0.6332700865345848,1.0387644995585614,0.4033003031678694
407,0,0.5680514801458683,99.0,0.0,0.0,0.0,0.0,99.0,1,0,0,0,0,0,0,0,0,0,0,0,0,0,1,0,0,0,0,0,0,0,0,0,0,0,0,0,0.6062601358406001,1.1123895848342509,0.4260075086164451
408,0,0.5880226863350533,0.0,0.0,1.0,0.0,0.0,99.0,0,1,0,0,0,0,0,0,0,0,0,0,0,0,0,0,0,0,0,1,0,0,1,0,0,0,0,0,0.6154047103052092,0.9714453084480712,0.4352072829844677
409,0,0.5880226863350533,99.0,0.0,0.0,0.0,0.0,99.0,0,0,0,0,1,0,0,0,0,0,0,0,0,0,1,0,0,0,0,0,0,0,0,0,0,0,0,0,0.6154047103052092,0.9714453084480712,0.4352072829844677
410,0,0.5880226863350533,99.0,0.0,0.0,0.0,0.0,99.0,0,0,0,0,1,0,0,0,0,0,0,0,0,0,1,0,0,0,0,0,0,0,0,0,0,0,0,0,0.6154047103052092,0.9714453084480712,0.4352072829844677
411,1,0.5881319579612214,5.0,1.0,0.0,0.0,0.0,99.0,0,0,0,1,0,0,0,0,0,0,0,0,0,0,1,0,0,0,0,0,0,0,0,0,0,0,0,0,0.6395370094876711,1.0036978594007082,0.4506794806643251
412,1,0.5881319579612214,99.0,0.0,0.0,0.0,0.0,99.0,1,0,0,0,0,0,0,0,0,0,0,0,0,0,1,0,0,0,0,0,0,0,0,0,0,0,0,0,0.6395370094876711,1.0036978594007082,0.4506794806643251
413,1,0.5884575209247555,99.0,1.0,0.0,0.0,0.0,10.0,1,0,0,0,0,0,0,0,0,0,0,0,0,0,1,0,0,0,1,0,0,0,0,0,0,0,0,0,0.5962212626923306,1.062449769891374,0.4722686655671209
414,0,0.5878336031932416,99.0,2.5,0.0,0.0,0.0,20.0,1,0,0,0,0,0,0,0,0,0,0,0,0,1,1,0,0,0,0,0,0,0,0,0,0,0,0,0,0.6961731050127751,1.0087232561785398,0.4493412674229915
415,1,0.5853746401138525,99.0,0.0,0.0,0.0,0.0,99.0,1,0,0,0,0,0,0,0,0,0,0,0,0,0,1,0,0,0,0,0,0,0,0,0,0,0,0,0,0.0,0.2386999635498817,0.22027278033886127
416,0,0.5864896842022377,99.0,1.0,0.0,0.0,0.0,99.0,1,0,0,0,0,0,0,0,0,0,0,0,0,1,1,0,0,0,0,0,0,0,0,0,0,0,0,0,0.0,0.2775238833073935,0.2314877252731659
417,1,0.5866596902049453,99.0,1.0,0.0,0.0,0.0,99.0,1,0,0,0,0,0,0,0,0,0,0,0,0,1,1,0,0,0,0,0,0,0,0,0,0,0,0,0,0.0,0.2846501782604545,0.19673269438241714
418,1,0.588109040158966,0.0,0.0,0.0,0.0,0.0,99.0,0,1,0,0,0,0,0,0,0,0,0,0,0,0,0,0,0,1,0,0,0,0,1,0,0,0,0,0,0.0,0.3929565359875087,0.15724375853613418
419,1,0.592486697701737,99.0,0.0,0.0,0.0,0.0,99.0,0,0,1,0,0,0,0,0,0,0,0,0,0,0,1,0,0,0,0,0,0,0,0,0,0,0,0,0,0.0,1.6637246279810909,0.2555768760186344
420,0,0.592486697701737,0.0,0.0,0.0,151000.0,0.0,1.0,0,1,0,0,0,0,0,0,0,0,0,0,0,0,0,0,0,1,0,0,0,0,1,0,0,0,0,0,0.0,1.6637246279810909,0.2555768760186344
421,1,0.592486697701737,0.0,0.5,0.0,0.0,0.0,99.0,0,1,0,0,0,0,0,0,0,0,0,0,0,1,0,0,0,0,0,0,0,0,1,0,0,0,0,0,0.0,1.6637246279810909,0.2555768760186344
422,0,0.592486697701737,0.0,0.0,0.0,0.0,0.0,99.0,0,1,0,0,0,0,0,0,0,0,0,0,0,0,0,0,0,0,0,1,0,0,1,0,0,0,0,0,0.0,1.6637246279810909,0.2555768760186344
423,1,0.592486697701737,0.0,0.0,0.0,0.0,0.0,99.0,0,1,0,0,0,0,0,0,0,0,0,0,0,1,0,0,0,0,0,0,0,0,1,0,0,0,0,0,0.0,1.6637246279810909,0.2555768760186344
424,1,0.5895068897026268,1.0,0.0,0.0,0.0,0.0,99.0,0,0,0,0,0,1,0,0,0,0,0,0,0,0,1,0,0,0,0,0,0,0,0,0,0,0,0,0,0.0,1.7326851411909967,0.29220810331251434
425,1,0.5895068897026268,99.0,0.0,0.0,0.0,0.0,99.0,1,0,0,0,0,0,0,0,0,0,0,0,0,0,1,0,0,0,0,0,0,0,0,0,0,0,0,0,0.0,1.7326851411909967,0.29220810331251434
426,0,0.5895068897026268,0.0,0.0,0.0,0.0,0.0,99.0,0,1,0,0,0,0,0,0,0,0,0,0,0,1,0,0,0,0,0,0,0,0,1,0,0,0,0,0,0.0,1.7326851411909967,0.29220810331251434
427,0,0.5895068897026268,0.0,0.0,0.0,0.0,0.0,99.0,0,1,0,0,0,0,0,0,0,0,0,0,0,1,0,0,0,0,0,0,0,0,1,0,0,0,0,0,0.0,1.7326851411909967,0.29220810331251434
428,1,0.5821854959259692,99.0,0.0,0.91,0.0,0.0,99.0,1,0,0,0,0,0,0,0,0,0,0,0,0,1,1,0,0,0,0,0,0,0,0,0,0,0,0,0,0.04838699513854355,1.2721154011150873,0.2715676955573726
429,0,0.5821854959259692,0.0,0.0,0.0,0.0,2900000.0,99.0,0,1,0,0,0,0,0,0,0,0,0,0,0,1,0,0,0,0,0,0,0,0,1,0,0,0,0,0,0.04838699513854355,1.2721154011150873,0.2715676955573726
430,1,0.5835471268111196,99.0,0.0,2.5,0.0,0.0,99.0,1,0,0,0,0,0,0,0,0,0,0,0,0,0,1,0,0,0,1,0,0,0,0,0,0,0,0,0,0.002571637709510952,1.3649943654229535,0.2736124872388308
431,0,0.5835471268111196,99.0,0.0,0.84,0.0,0.0,10.0,1,0,0,0,0,0,0,0,0,0,0,0,0,1,1,0,0,0,0,0,0,0,0,0,0,0,0,0,0.002571637709510952,1.3649943654229535,0.2736124872388308
432,0,0.5835471268111196,0.0,3.0,0.0,0.0,0.0,20.0,0,1,0,0,0,0,0,0,0,0,0,0,0,1,0,0,0,0,0,0,0,0,1,0,0,0,0,0,0.002571637709510952,1.3649943654229535,0.2736124872388308
433,0,0.584740326648831,0.0,0.0,1.38,0.0,0.0,99.0,0,1,0,0,0,0,0,0,0,0,0,0,0,0,1,0,0,0,0,0,0,0,1,0,0,0,0,0,0.030875576920402967,1.4531813296695846,0.2819549964240368
434,1,0.5871860865099781,0.0,0.0,1.25,0.0,12000000.0,10.0,0,1,0,0,0,0,0,0,0,0,0,0,0,0,0,0,0,0,1,0,0,0,1,0,0,0,0,0,0.2186520202201713,1.4398972174754756,0.2525768163360282
435,1,0.5858144821234033,0.0,0.0,0.0,0.0,10200000.0,99.0,0,1,0,0,0,0,0,0,0,0,0,0,0,1,0,0,0,0,0,0,0,0,1,0,0,0,0,0,0.17638668081991202,1.5801305666325294,0.2211113032749012
436,1,0.5491748191306227,99.0,0.0,0.0,0.0,0.0,5.0,1,0,0,0,0,0,0,0,0,0,0,0,0,0,1,0,0,0,0,1,0,0,0,0,0,0,0,0,0.3546117724397477,1.8512320419636967,0.2324293733124911
437,1,0.5987072838342,99.0,0.0,0.0,1250000.0,0.0,99.0,1,0,0,0,0,0,0,0,0,0,0,0,0,0,1,0,0,0,0,1,0,0,0,0,0,0,0,0,0.20770131177391965,1.9347227211204177,0.2753661392073967
438,1,0.5987072838342,99.0,0.0,3.75,0.0,20000000.0,99.0,1,0,0,0,0,0,0,0,0,0,0,0,0,0,1,0,0,0,1,0,0,0,0,0,0,0,0,0,0.20770131177391965,1.9347227211204177,0.2753661392073967
439,1,0.597858380990318,99.0,0.1,0.0,0.0,12000000.0,99.0,0,0,1,0,0,0,0,0,0,0,0,0,0,0,1,0,0,0,1,0,0,0,0,0,0,0,0,0,0.5255876509235355,2.173909440208798,0.2692865464484981
440,0,0.597858380990318,0.0,0.0,2.0,0.0,0.0,99.0,0,1,0,0,0,0,0,0,0,0,0,0,0,1,0,0,0,0,0,0,0,0,1,0,0,0,0,0,0.5255876509235355,2.173909440208798,0.2692865464484981
441,1,0.5952585450336775,0.0,0.0,0.0,0.0,7000000.0,99.0,0,1,0,0,0,0,0,0,0,0,0,0,0,1,0,0,0,0,0,0,0,0,1,0,0,0,0,0,0.7948151594211856,2.2662527441619362,0.2435000685072428
442,1,0.579292171010419,99.0,0.0,0.0,0.0,0.0,99.0,1,0,0,0,0,0,0,0,0,0,0,0,0,0,1,0,0,0,0,0,0,0,0,0,0,0,0,0,0.0,0.3252254408756167,0.2390848382984964
443,1,0.5718404739645765,0.0,0.0,1.5,0.0,0.0,30.0,0,1,0,0,0,0,0,0,0,0,0,0,0,0,0,0,0,0,1,0,0,0,1,0,0,0,0,0,0.022036662836355296,0.3376514433171378,0.20019317766948685
444,1,0.5867089785632815,0.0,2.0,0.0,0.0,0.0,99.0,0,1,0,0,0,0,0,0,0,0,0,0,0,0,0,0,0,0,0,0,0,1,1,0,0,0,0,0,0.0,0.2990375157036653,0.2016490710653272
445,1,0.520544719871686,99.0,0.0,1.75,0.0,0.0,99.0,1,0,0,0,0,0,0,0,0,0,0,0,0,0,1,0,0,0,0,0,1,0,0,0,0,0,0,0,0.0,0.7397441626193535,0.25253571221335674
446,1,0.5235193023392429,99.0,0.0,0.0,0.0,0.0,99.0,0,0,0,0,0,1,0,0,0,0,0,0,0,1,0,1,0,0,0,0,0,0,0,0,0,0,0,0,0.008229334069749905,0.7248441315986919,0.24790074379878435
447,0,0.5199628236607884,0.0,0.0,0.0,0.0,14000000.0,99.0,0,1,0,0,0,0,0,0,0,0,0,0,0,0,0,0,0,0,0,0,1,0,1,0,0,0,0,0,0.10381661431182644,0.7654176275184046,0.21081955241148176
448,1,0.512605177132332,99.0,0.0,0.0,0.0,14000000.0,99.0,1,0,0,0,0,0,0,0,0,0,0,0,0,0,1,0,0,0,0,0,1,0,0,0,0,0,0,0,0.19503932790718886,0.7687439633619577,0.21158298292231068
449,1,0.5,1.0,0.0,0.0,0.0,0.0,99.0,0,0,0,0,0,1,0,0,0,0,0,0,0,1,0,0,0,0,0,0,0,0,0,0,0,0,0,0,0.16524569042195786,0.8846508910855851,0.22105765850712047
450,1,0.4176716624029418,0.0,0.0,1.5,0.0,0.0,30.0,0,1,0,0,0,0,0,0,0,0,0,0,0,0,0,0,0,0,1,0,0,0,1,0,0,0,0,0,0.15649984606601935,0.9058154581258084,0.22002054180121994
451,1,0.571873831989387,0.0,0.0,0.0,0.0,4060000.0,99.0,0,1,0,0,0,0,0,0,0,0,0,0,0,0,0,0,0,0,0,1,0,0,1,0,0,0,0,0,0.0422971596823632,0.924314102254684,0.21469232681079892
452,0,0.571873831989387,99.0,0.0,1.0,0.0,0.0,99.0,1,0,0,0,0,0,0,0,0,0,0,0,0,0,1,0,0,0,0,1,0,0,0,0,0,0,0,0,0.0422971596823632,0.924314102254684,0.21469232681079892
453,1,0.5723652500099068,5.0,0.0,0.0,0.0,0.0,99.0,1,0,0,0,0,0,0,0,0,0,0,0,0,0,1,0,0,0,0,0,0,0,0,0,0,0,0,0,0.054752380939406216,0.9906985176259584,0.2208784547575918
454,1,0.5912777630393977,0.0,0.0,1.33,0.0,0.0,99.0,0,1,0,0,0,0,0,0,0,0,0,0,0,0,0,0,0,1,0,0,0,0,1,0,0,0,0,0,0.0,0.04554099131709389,0.18682424865074607
455,1,0.5892178785990997,99.0,0.0,0.0,0.0,0.0,99.0,1,0,0,0,0,0,0,0,0,0,0,0,0,0,1,0,0,0,0,0,0,0,0,0,0,0,0,0,0.0,0.05567619230422528,0.2235482465322577
456,1,0.5862604371189217,99.0,1.6,0.0,0.0,0.0,99.0,1,0,0,0,0,0,0,0,0,0,0,0,0,0,1,0,0,1,0,0,0,0,0,0,0,0,0,0,0.0,0.05344554743915965,0.21196365742727194
457,0,0.58067481220474,99.0,0.0,3.0,0.0,0.0,99.0,1,0,0,0,0,0,0,0,0,0,0,0,0,0,1,0,0,0,0,0,0,0,0,0,0,0,0,0,0.0,0.05726152291476438,0.24352432164129714
458,0,0.5815685999632073,0.0,1.0,0.0,0.0,0.0,99.0,0,1,0,0,0,0,0,0,0,0,0,0,0,0,1,0,0,0,0,0,0,0,1,0,0,0,0,0,0.0,0.3944525475841664,0.2650094082965495
459,1,0.5821735040733171,99.0,1.0,0.0,0.0,0.0,99.0,1,0,0,0,0,0,0,0,0,0,0,0,0,0,1,0,0,0,0,0,0,0,0,0,0,0,0,0,0.0,0.3667310822740288,0.22078424367957736
460,1,0.5849866254687821,99.0,0.6,0.0,0.0,0.0,99.0,1,0,0,0,0,0,0,0,0,0,0,0,0,0,1,0,0,0,0,1,0,0,0,0,0,0,0,0,0.05014423553653957,0.4321950351706377,0.20293245107700966
461,1,0.5851095033955567,99.0,0.0,0.0,0.0,0.0,99.0,1,0,0,0,0,0,0,0,0,0,0,0,0,0,1,0,0,0,0,0,0,0,0,0,0,0,0,0,0.0,0.482767961910604,0.1826510212129233
462,1,0.5870202687059726,99.0,0.0,3.0,0.0,0.0,99.0,1,0,0,0,0,0,0,0,0,0,0,0,0,0,1,0,0,1,0,0,0,0,0,0,0,0,0,0,0.0,0.5361584287872058,0.29573196132027785
463,1,0.5925540326683998,99.0,0.0,0.0,1070000.0,0.0,99.0,1,0,0,0,0,0,0,0,0,0,0,0,0,1,1,0,0,0,0,0,0,0,0,0,0,0,0,0,0.0,0.6987266379178931,0.24724387833138536
464,0,0.5925540326683998,99.0,0.0,0.0,51000.0,0.0,5.0,1,0,0,0,0,0,0,0,0,0,0,0,0,1,1,0,0,0,0,0,0,0,0,0,0,0,0,0,0.0,0.6987266379178931,0.24724387833138536
465,1,0.5898872830868752,99.0,0.0,0.0,0.0,0.0,99.0,0,0,0,0,0,1,0,0,0,0,0,0,0,0,1,0,0,0,0,0,0,0,0,0,0,0,0,0,0.049294592286805036,0.6862106743327824,0.2567778978654417
466,1,0.5898872830868752,5.0,0.0,0.0,0.0,0.0,99.0,1,0,0,0,0,0,0,0,0,0,0,0,0,0,1,0,0,0,0,0,0,0,0,0,0,0,0,0,0.049294592286805036,0.6862106743327824,0.2567778978654417
467,1,0.5882873803655274,99.0,0.0,1.0,0.0,0.0,10.0,1,0,0,0,0,0,0,0,0,0,0,0,0,0,1,0,0,0,1,0,0,0,0,0,0,0,0,0,0.031674991064799415,0.7127738332491436,0.2612956280985127
468,1,0.5862670140914664,99.0,0.0,0.0,0.0,0.0,99.0,1,0,0,0,0,0,0,0,0,0,0,0,0,0,1,0,0,0,0,0,0,0,0,0,0,0,0,0,0.12826926836050434,0.6916844238314054,0.2832234491574597
469,0,0.5825131349689341,99.0,0.0,1.0,0.0,0.0,99.0,1,0,0,0,0,0,0,0,0,0,0,0,0,0,1,0,0,0,0,1,0,0,0,0,0,0,0,0,0.4994756155449255,0.6883279040657301,0.2797579665694721
470,0,0.5572241940389379,0.0,0.0,1.3,0.0,0.0,99.0,0,1,0,0,0,0,0,0,0,0,0,0,0,0,0,1,0,0,0,0,0,0,1,0,0,0,0,0,0.4601448264796747,0.8089803710777591,0.2592781059841944
471,1,0.5922829060070597,99.0,0.0,0.3,0.0,0.0,99.0,1,0,0,0,0,0,0,0,0,0,0,0,0,0,1,0,0,0,0,0,0,1,0,0,0,0,0,0,0.4468848408411393,0.7782559925933008,0.2726109955274495
472,1,0.5940956785745326,99.0,0.0,1.5,0.0,0.0,20.0,1,0,0,0,0,0,0,0,0,0,0,0,0,0,1,0,0,0,1,0,0,0,0,0,0,0,0,0,0.490882884216358,0.8784345375435674,0.31352507159699244
473,1,0.5940956785745326,99.0,0.0,1.0,0.0,0.0,99.0,1,0,0,0,0,0,0,0,0,0,0,0,0,0,1,0,0,0,0,1,0,0,0,0,0,0,0,0,0.490882884216358,0.8784345375435674,0.31352507159699244
474,0,0.5962285179639932,99.0,0.0,0.0,0.0,0.0,99.0,1,0,0,0,0,0,0,0,0,0,0,0,0,0,0,0,0,1,0,0,0,0,0,0,0,0,0,0,0.7553861901609908,0.9070983887689616,0.4251835494495333
475,0,0.5858575386263813,0.0,0.0,3.0,0.0,0.0,99.0,0,1,0,0,0,0,0,0,0,0,0,0,0,0,0,0,0,0,0,0,1,0,1,0,0,0,0,0,0.0,0.2199077403227621,0.3624832713754647
476,1,0.5845275327787746,99.0,0.0,0.0,0.0,0.0,99.0,1,0,0,0,0,0,0,0,0,0,0,0,0,0,1,0,0,0,0,0,0,0,0,0,0,0,0,0,0.0,0.2134667268585593,0.29198736730360936
477,0,0.5845275327787746,99.0,0.5,0.0,0.0,450000.0,3.0,1,0,0,0,0,0,0,0,0,0,0,0,0,0,1,1,0,0,0,0,0,0,0,0,0,0,0,0,0.0,0.2134667268585593,0.29198736730360936
478,0,0.5844464287903717,99.0,1.0,0.0,0.0,0.0,99.0,1,0,0,0,0,0,0,0,0,0,0,0,0,1,1,0,0,0,0,0,0,0,0,0,0,0,0,0,0.0,0.24536750557274434,0.2883265869454957
479,1,0.5886364564708756,0.0,3.0,0.0,0.0,0.0,99.0,0,1,0,0,0,0,0,0,0,0,0,0,0,0,0,0,0,1,0,0,0,0,1,0,0,0,0,0,0.0,0.390031141544781,0.403804463741621
480,1,0.5885210771288751,99.0,0.0,0.0,0.0,0.0,99.0,1,0,0,0,0,0,0,0,0,0,0,0,0,0,1,0,0,0,0,0,0,0,0,0,0,0,0,0,0.0,0.3440443081604032,0.3442590523756325
481,1,0.5883627436114668,99.0,2.0,0.0,0.0,0.0,99.0,1,0,0,0,0,0,0,0,0,0,0,0,0,0,1,0,0,0,0,0,0,1,0,0,0,0,0,0,0.0,0.3537565343904901,0.32932595631572864
482,1,0.588207990112065,99.0,5.5,0.0,0.0,0.0,99.0,1,0,0,0,0,0,0,0,0,0,0,0,0,0,1,0,0,1,0,0,0,0,0,0,0,0,0,0,0.0,0.3766601628058565,0.3127902065081352
483,1,0.5924370856420033,99.0,2.0,0.0,0.0,0.0,99.0,0,0,0,0,0,0,0,0,1,0,0,0,0,0,1,0,0,1,0,0,0,0,0,0,0,0,0,0,0.0,0.5718037003102345,0.23260764303304074
484,1,0.5929721043580766,99.0,0.0,0.0,0.0,0.0,99.0,0,0,0,0,0,1,0,0,0,0,0,0,0,0,1,0,0,0,0,0,0,0,0,0,0,0,0,0,0.04556827140489944,0.5983975832385627,0.2745820053258275
485,0,0.5916428201276865,0.0,0.0,0.0,150000.0,0.0,1.0,0,1,0,0,0,0,0,0,0,0,0,0,0,1,0,0,0,0,0,0,0,0,1,0,0,0,0,0,0.1912725028645469,0.567794767131072,0.24660611581580186
486,0,0.5924303180809122,99.0,0.0,0.5,0.0,0.0,99.0,1,0,0,0,0,0,0,0,0,0,0,0,0,1,1,0,0,0,0,0,0,0,0,0,0,0,0,0,0.1688356828518367,0.6989811515089093,0.22876683171532355
487,1,0.5924303180809122,99.0,0.0,1.0,0.0,0.0,99.0,1,0,0,0,0,0,0,0,0,0,0,0,0,1,1,0,0,0,0,0,0,0,0,0,0,0,0,0,0.1688356828518367,0.6989811515089093,0.22876683171532355
488,1,0.5950808550633371,99.0,0.0,1.5,0.0,0.0,99.0,1,0,0,0,0,0,0,0,0,0,0,0,0,0,1,0,0,0,1,0,0,0,0,0,0,0,0,0,0.3689343300355475,0.8939701466969736,0.22478668604144725
489,1,0.595323665101454,99.0,0.0,0.0,0.0,0.0,99.0,1,0,0,0,0,0,0,0,0,0,0,0,0,0,1,0,0,0,0,0,0,0,0,0,0,0,0,0,0.7005575321583573,0.7749469443021403,0.25935878030053744
490,0,0.5951907050351761,99.0,0.0,0.75,0.0,0.0,99.0,1,0,0,0,0,0,0,0,0,0,0,0,0,0,1,0,0,0,0,1,0,0,0,0,0,0,0,0,0.7309561031678473,0.9667183995493972,0.304416452242924
491,0,0.5869276346722988,0.0,1.0,0.0,0.0,0.0,99.0,0,1,0,0,0,0,0,0,0,0,0,0,0,1,0,0,0,0,0,0,0,0,1,0,0,0,0,0,0.06090297297080216,0.14839404170429138,0.2727595291932488
492,1,0.5884190191626338,99.0,0.0,0.0,0.0,0.0,99.0,1,0,0,0,0,0,0,0,0,0,0,0,0,0,1,0,0,0,0,0,0,0,0,0,0,0,0,0,0.0,0.12235408356367687,0.2769732268323349
493,1,0.5884190191626338,99.0,1.0,0.0,0.0,3500000.0,99.0,1,0,0,0,0,0,0,0,0,0,0,0,0,0,1,0,0,0,0,1,0,0,0,0,0,0,0,0,0.0,0.12235408356367687,0.2769732268323349
494,1,0.5865031440878231,0.0,0.0,2.3209999999999997,0.0,0.0,99.0,0,1,0,0,0,0,0,0,0,0,0,0,0,0,0,0,0,0,1,0,1,0,1,0,0,0,0,0,0.0,1.06820507968077,0.24205327938944354
495,1,0.5865031440878231,0.0,0.0,0.0,0.0,4470000.0,99.0,0,1,0,0,0,0,0,0,0,0,0,0,0,1,0,0,0,0,0,0,0,0,1,0,0,0,0,0,0.0,1.06820507968077,0.24205327938944354
496,1,0.5877140732750274,99.0,0.0,0.0,0.0,0.0,99.0,1,0,0,0,0,0,0,0,0,0,0,0,0,0,1,0,0,0,0,0,0,0,0,0,0,0,0,0,0.1933266281023436,1.167919961602519,0.23836302538467904
497,1,0.5853480352781462,0.0,0.0,0.0,0.0,0.0,99.0,0,1,0,0,0,0,0,0,0,0,0,0,0,0,0,0,0,0,1,0,0,0,1,0,0,0,0,0,0.4000943304270758,1.2233327324962218,0.2547521065615522
498,1,0.5853480352781462,0.0,0.0,0.0,0.0,450000.0,99.0,0,1,0,0,0,0,0,0,0,0,0,0,0,1,0,0,0,0,0,0,0,0,1,0,0,0,0,0,0.4000943304270758,1.2233327324962218,0.2547521065615522
499,1,0.5819033743119519,0.0,0.25,0.0,0.0,0.0,99.0,0,1,0,0,0,0,0,0,0,0,0,0,0,1,0,0,0,0,0,0,0,0,1,0,0,0,0,0,0.5771962750427366,1.29420432172707,0.27027313969961464
500,1,0.5819033743119519,0.0,0.0,0.0,0.0,90000.0,99.0,0,1,0,0,0,0,0,0,0,0,0,0,0,1,0,0,0,0,0,0,0,0,1,0,0,0,0,0,0.5771962750427366,1.29420432172707,0.27027313969961464
501,1,0.5819033743119519,0.0,0.0,0.0,0.0,495000.0,99.0,0,1,0,0,0,0,0,0,0,0,0,0,0,1,0,0,0,0,0,0,0,0,1,0,0,0,0,0,0.5771962750427366,1.29420432172707,0.27027313969961464
502,1,0.5819033743119519,0.0,0.0,0.0,0.0,140000.0,99.0,0,1,0,0,0,0,0,0,0,0,0,0,0,1,0,0,0,0,0,0,0,0,1,0,0,0,0,0,0.5771962750427366,1.29420432172707,0.27027313969961464
503,1,0.5819033743119519,0.0,0.0,0.0,0.0,392000.0,99.0,0,1,0,0,0,0,0,0,0,0,0,0,0,1,0,0,0,0,0,0,0,0,1,0,0,0,0,0,0.5771962750427366,1.29420432172707,0.27027313969961464
504,1,0.5947883843196756,99.0,0.0,0.5,0.0,0.0,12.0,1,0,0,0,0,0,0,0,0,0,0,0,0,1,1,0,0,0,1,0,0,0,0,0,0,0,0,0,0.4920501416874874,1.2590126119377172,0.29922601941200794
505,1,0.5981876623351146,99.0,0.0,0.5,0.0,0.0,10.0,1,0,0,0,0,0,0,0,0,0,0,0,0,0,1,0,0,0,0,1,0,0,0,0,0,0,0,0,0.45358414007064096,1.4011748860588331,0.2964024121472004
506,1,0.600480946505944,99.0,0.0,3.25,0.0,0.0,99.0,1,0,0,0,0,0,0,0,0,0,0,0,0,1,1,0,0,0,1,0,0,0,0,0,0,0,0,0,0.5217982643360733,1.6595179509907825,0.34295850124529725
507,0,0.5764759255748146,0.0,1.9,0.0,0.0,0.0,99.0,0,1,0,0,0,0,0,0,0,0,0,0,0,0,0,0,0,0,0,0,0,1,1,0,0,0,0,0,0.0,0.5989613307348789,0.2901177873277082
508,1,0.5764759255748146,99.0,0.0,0.0,0.0,0.0,99.0,0,0,0,0,0,1,0,0,0,0,0,1,0,0,1,0,0,0,0,0,0,0,0,0,0,0,0,0,0.0,0.5989613307348789,0.2901177873277082
509,1,0.5750704668256976,1.0,0.0,0.0,0.0,0.0,99.0,0,0,0,0,0,0,1,0,0,0,0,0,0,0,1,0,0,0,0,0,0,0,0,0,0,0,0,0,0.0,0.6456556315331461,0.28987942131247324
510,0,0.5745415761632477,99.0,0.25,0.0,0.0,0.0,10.0,1,0,0,0,0,0,0,0,0,0,0,0,0,1,1,0,0,0,0,0,0,0,0,0,0,0,0,0,0.08056278660192934,0.6004422103571005,0.2690144592135454
511,0,0.5745415761632477,99.0,0.0,0.0,0.0,0.0,99.0,0,0,0,1,0,0,0,1,0,0,0,0,0,0,1,0,0,0,0,0,0,0,0,0,0,0,0,0,0.08056278660192934,0.6004422103571005,0.2690144592135454
512,1,0.5739388272101908,99.0,0.0,0.0,0.0,0.0,99.0,1,0,0,0,0,0,0,0,0,0,0,0,0,1,0,1,0,0,0,0,0,0,0,0,0,0,0,0,0.0,0.6549091889002723,0.2429194996028594
513,0,0.5710990335524622,99.0,0.0,0.722,0.0,0.0,99.0,1,0,0,0,0,0,0,0,0,0,0,0,0,0,1,0,0,0,0,0,0,0,0,0,0,1,0,0,0.0,0.7628876580547032,0.22607382978248602
514,0,0.5589574790247238,99.0,0.0,6.534,2168411.0,0.0,15.0,1,0,0,0,0,0,0,0,0,0,0,0,0,1,1,0,0,0,0,0,0,0,0,0,0,0,0,0,0.0,0.7660611272605068,0.2432603152689929
515,0,0.5865968584375152,99.0,0.0,1.0,0.0,0.0,99.0,1,0,0,0,0,0,0,0,0,0,0,0,0,0,1,0,0,0,0,1,0,0,0,0,0,0,0,0,0.0,0.6807316383441225,0.2272749101059804
516,0,0.5862427247992942,99.0,0.0,3.29,0.0,0.0,99.0,1,0,0,0,0,0,0,0,0,0,0,0,0,0,1,0,0,0,0,0,0,0,0,0,0,0,0,0,0.0,0.10577060592473483,0.3616054138684026
517,1,0.5876025069709522,99.0,0.0,4.64,0.0,0.0,99.0,1,0,0,0,0,0,0,0,0,0,0,0,0,0,1,0,0,0,0,0,0,0,0,0,0,0,0,0,0.0,0.10135500400080033,0.3601807797664956
518,1,0.5877536265683804,99.0,0.0,0.0,0.0,0.0,99.0,1,0,0,0,0,0,0,0,0,0,0,0,0,0,1,0,0,0,0,0,0,0,0,0,0,0,0,0,0.0,0.1004301127683508,0.3957497003518449
519,0,0.588280072092911,99.0,1.0,0.0,0.0,0.0,99.0,1,0,0,0,0,0,0,0,0,0,0,0,0,0,1,1,0,0,0,0,0,0,0,0,0,0,0,0,0.0,0.10630185711894027,0.3851032758189548
520,1,0.5877206925152312,99.0,1.5,0.0,0.0,0.0,99.0,1,0,0,0,0,0,0,0,0,0,0,0,0,0,1,1,0,0,0,0,0,0,0,0,0,0,0,0,0.0,0.09932674069305653,0.5056235996060571
521,0,0.5258861439818905,99.0,0.25,0.0,0.0,0.0,10.0,1,0,0,0,0,0,0,0,0,0,0,0,0,0,1,0,0,0,1,0,0,0,0,0,0,1,0,0,0.12485860005747915,0.5092823391775466,0.1899841318039991
522,1,0.6132158698921251,0.0,0.0,1.0,0.0,0.0,99.0,0,1,0,0,0,0,0,0,0,0,0,0,0,0,0,0,0,0,0,1,0,0,1,0,0,0,0,0,0.6390866227582293,0.41055770063793895,0.2286007993987883
523,0,0.5867679263155006,99.0,1.0,0.0,0.0,0.0,4.0,1,0,0,0,0,0,0,0,0,0,0,0,0,0,1,0,0,0,0,0,1,0,0,0,0,0,0,0,0.0,0.18245325324243067,0.2695216325448884
524,1,0.5876442144282779,99.0,0.0,0.0,0.0,0.0,99.0,1,0,0,0,0,0,0,0,0,0,0,0,0,0,1,0,0,0,0,0,0,0,0,0,0,0,0,0,0.05553528972578392,0.14036035838351346,0.2483684198826249
525,1,0.5873246194056119,99.0,0.0,0.0,0.0,0.0,99.0,1,0,0,0,0,0,0,0,0,0,0,0,0,0,1,0,0,0,0,0,0,0,0,0,0,0,0,0,0.0,0.12136655199867805,0.17916905709262515
