year,cty,all_gov_exp,all_gov_rev
1992,Adams,580640.0,582779.0
1992,Alamosa,35778.0,28767.0
1992,Arapahoe,1009355.0,972694.0
1992,Archuleta,17067.0,17528.0
1992,Baca,14056.0,14091.0
1992,Bent,9562.0,11350.0
1992,Boulder,480912.0,452401.0
1992,Broomfield,0.0,0.0
1992,Chaffee,23641.0,23411.0
1992,Cheyenne,10194.0,9301.0
1992,Clear Creek,22555.0,19280.0
1992,Conejos,20076.0,19722.0
1992,Costilla,13164.0,13164.0
1992,Crowley,7399.0,7848.0
1992,Custer,3785.0,4028.0
1992,Delta,46944.0,48669.0
1992,Denver,1917488.0,1641052.0
1992,Dolores,4308.0,4205.0
1992,Douglas,187396.0,171502.0
1992,Eagle,118226.0,119497.0
1992,El Paso,811270.0,789402.0
1992,Elbert,18181.0,19392.0
1992,Fremont,55751.0,53425.0
1992,Garfield,77797.0,82959.0
1992,Gilpin,5996.0,5885.0
1992,Grand,29261.0,33995.0
1992,Gunnison,28680.0,29633.0
1992,Hinsdale,1822.0,1866.0
1992,Huerfano,28716.0,21505.0
1992,Jackson,5418.0,5209.0
1992,Jefferson,772503.0,771204.0
1992,Kiowa,5863.0,5923.0
1992,Kit Carson,20471.0,19757.0
1992,La Plata,74269.0,72693.0
1992,Lake,56680.0,49911.0
1992,Larimer,479119.0,516942.0
1992,Las Animas,28479.0,29150.0
1992,Lincoln,13796.0,13514.0
1992,Logan,44146.0,45897.0
1992,Mesa,185280.0,194266.0
1992,Mineral,1314.0,1498.0
1992,Moffat,53920.0,57451.0
1992,Montezuma,51088.0,55691.0
1992,Montrose,66671.0,68659.0
1992,Morgan,57674.0,59964.0
1992,Otero,43954.0,45308.0
1992,Ouray,5064.0,6574.0
1992,Park,22297.0,23706.0
1992,Phillips,11862.0,12265.0
1992,Pitkin,92278.0,80055.0
1992,Prowers,34740.0,34740.0
1992,Pueblo,259345.0,262705.0
1992,Rio Blanco,36012.0,46785.0
1992,Rio Grande,23044.0,23008.0
1992,Routt,49408.0,50856.0
1992,Saguache,16486.0,10212.0
1992,San Juan,1629.0,1790.0
1992,San Miguel,24559.0,23962.0
1992,Sedgwick,8446.0,8996.0
1992,Summit,57309.0,66797.0
1992,Teller,34343.0,25572.0
1992,Washington,13695.0,13607.0
1992,Weld,259855.0,277245.0
1992,Yuma,20979.0,22728.0
1993,Adams,606366.0,621025.0
1993,Alamosa,38229.0,31084.2
1993,Arapahoe,1086210.0,1026554.0
1993,Archuleta,18732.2,19983.6
1993,Baca,15660.4,15041.8
1993,Bent,11968.8,13573.4
1993,Boulder,520133.0,492750.0
1993,Broomfield,0.0,0.0
1993,Chaffee,26975.0,27285.6
1993,Cheyenne,10796.8,10248.2
1993,Clear Creek,22655.8,20018.4
1993,Conejos,20421.0,20359.6
1993,Costilla,13503.6,13332.2
1993,Crowley,7519.2,7855.0
1993,Custer,4353.4,4525.6
1993,Delta,51768.0,53245.0
1993,Denver,1967692.0,1805018.0
1993,Dolores,4592.6,4556.6
1993,Douglas,223554.0,207578.0
1993,Eagle,124810.0,125515.0
1993,El Paso,875829.0,867281.0
1993,Elbert,20776.2,22008.0
1993,Fremont,57878.0,56434.0
1993,Garfield,84669.0,87309.0
1993,Gilpin,10087.8,11238.8
1993,Grand,31870.2,36337.2
1993,Gunnison,35052.4,32145.8
1993,Hinsdale,2060.6,2180.8
1993,Huerfano,27301.2,21825.0
1993,Jackson,5429.6,5251.8
1993,Jefferson,821809.0,817384.0
1993,Kiowa,7155.6,7295.2
1993,Kit Carson,21803.8,20887.4
1993,La Plata,79864.0,78440.0
1993,Lake,57535.0,50106.0
1993,Larimer,498378.0,555175.0
1993,Las Animas,30865.0,30965.2
1993,Lincoln,14992.8,15311.8
1993,Logan,48115.0,48656.0
1993,Mesa,194788.0,204765.0
1993,Mineral,1936.0,2118.2
1993,Moffat,56118.0,59306.0
1993,Montezuma,54559.0,59071.0
1993,Montrose,74154.0,76406.0
1993,Morgan,61078.0,61831.0
1993,Otero,47793.0,47524.0
1993,Ouray,6385.0,7593.8
1993,Park,24616.6,24797.4
1993,Phillips,12335.6,12630.8
1993,Pitkin,92522.0,86636.0
1993,Prowers,34943.0,35100.2
1993,Pueblo,266446.0,270496.0
1993,Rio Blanco,36617.0,45358.0
1993,Rio Grande,25361.0,25509.4
1993,Routt,51322.0,53149.0
1993,Saguache,16789.4,12369.0
1993,San Juan,2095.4,2207.8
1993,San Miguel,27390.6,26476.4
1993,Sedgwick,9373.2,9451.2
1993,Summit,67473.0,74843.0
1993,Teller,36866.8,30529.6
1993,Washington,14136.0,14084.8
1993,Weld,284304.0,297858.0
1993,Yuma,23071.2,24148.8
1994,Adams,632092.0,659271.0
1994,Alamosa,40680.0,33401.4
1994,Arapahoe,1163064.0,1080415.0
1994,Archuleta,20397.4,22439.2
1994,Baca,17264.8,15992.6
1994,Bent,14375.6,15796.8
1994,Boulder,559353.0,533099.0
1994,Broomfield,0.0,0.0
1994,Chaffee,30309.0,31160.2
1994,Cheyenne,11399.6,11195.4
1994,Clear Creek,22756.6,20756.8
1994,Conejos,20766.0,20997.2
1994,Costilla,13843.2,13500.4
1994,Crowley,7639.4,7862.0
1994,Custer,4921.8,5023.2
1994,Delta,56592.0,57821.0
1994,Denver,2017896.0,1968984.0
1994,Dolores,4877.2,4908.2
1994,Douglas,259712.0,243655.0
1994,Eagle,131393.0,131533.0
1994,El Paso,940387.0,945161.0
1994,Elbert,23371.4,24624.0
1994,Fremont,60005.0,59444.0
1994,Garfield,91541.0,91659.0
1994,Gilpin,14179.6,16592.6
1994,Grand,34479.4,38679.4
1994,Gunnison,41424.8,34658.6
1994,Hinsdale,2299.2,2495.6
1994,Huerfano,25886.4,22145.0
1994,Jackson,5441.2,5294.6
1994,Jefferson,871116.0,863564.0
1994,Kiowa,8448.2,8667.4
1994,Kit Carson,23136.6,22017.8
1994,La Plata,85459.0,84186.0
1994,Lake,58390.0,50301.0
1994,Larimer,517636.0,593408.0
1994,Las Animas,33251.0,32780.4
1994,Lincoln,16189.6,17109.6
1994,Logan,52084.0,51415.0
1994,Mesa,204297.0,215263.0
1994,Mineral,2558.0,2738.4
1994,Moffat,58316.0,61161.0
1994,Montezuma,58030.0,62450.0
1994,Montrose,81637.0,84154.0
1994,Morgan,64481.0,63698.0
1994,Otero,51632.0,49741.0
1994,Ouray,7706.0,8613.6
1994,Park,26936.2,25888.8
1994,Phillips,12809.2,12996.6
1994,Pitkin,92766.0,93216.0
1994,Prowers,35146.0,35460.4
1994,Pueblo,273547.0,278287.0
1994,Rio Blanco,37222.0,43932.0
1994,Rio Grande,27678.0,28010.8
1994,Routt,53235.0,55442.0
1994,Saguache,17092.8,14526.0
1994,San Juan,2561.8,2625.6
1994,San Miguel,30222.2,28990.8
1994,Sedgwick,10300.4,9906.4
1994,Summit,77637.0,82889.0
1994,Teller,39390.6,35487.2
1994,Washington,14577.0,14562.6
1994,Weld,308752.0,318472.0
1994,Yuma,25163.4,25569.6
1995,Adams,657817.0,697518.0
1995,Alamosa,43132.0,35718.6
1995,Arapahoe,1239919.0,1134275.0
1995,Archuleta,22062.6,24894.8
1995,Baca,18869.2,16943.4
1995,Bent,16782.4,18020.2
1995,Boulder,598574.0,573448.0
1995,Broomfield,0.0,0.0
1995,Chaffee,33643.0,35034.8
1995,Cheyenne,12002.4,12142.6
1995,Clear Creek,22857.4,21495.2
1995,Conejos,21111.0,21634.8
1995,Costilla,14182.8,13668.6
1995,Crowley,7759.6,7869.0
1995,Custer,5490.2,5520.8
1995,Delta,61415.0,62396.0
1995,Denver,2068101.0,2132951.0
1995,Dolores,5161.8,5259.8
1995,Douglas,295869.0,279731.0
1995,Eagle,137977.0,137551.0
1995,El Paso,1004946.0,1023040.0
1995,Elbert,25966.6,27240.0
1995,Fremont,62133.0,62453.0
1995,Garfield,98414.0,96008.0
1995,Gilpin,18271.4,21946.4
1995,Grand,37088.6,41021.6
1995,Gunnison,47797.2,37171.4
1995,Hinsdale,2537.8,2810.4
1995,Huerfano,24471.6,22465.0
1995,Jackson,5452.8,5337.4
1995,Jefferson,920422.0,909743.0
1995,Kiowa,9740.8,10039.6
1995,Kit Carson,24469.4,23148.2
1995,La Plata,91054.0,89933.0
1995,Lake,59245.0,50495.0
1995,Larimer,536895.0,631640.0
1995,Las Animas,35637.0,34595.6
1995,Lincoln,17386.4,18907.4
1995,Logan,56054.0,54173.0
1995,Mesa,213805.0,225762.0
1995,Mineral,3180.0,3358.6000000000004
1995,Moffat,60513.0,63015.0
1995,Montezuma,61501.0,65830.0
1995,Montrose,89120.0,91901.0
1995,Morgan,67885.0,65566.0
1995,Otero,55472.0,51957.0
1995,Ouray,9027.0,9633.4
1995,Park,29255.8,26980.2
1995,Phillips,13282.8,13362.4
1995,Pitkin,93009.0,99797.0
1995,Prowers,35349.0,35820.6
1995,Pueblo,280649.0,286079.0
1995,Rio Blanco,37827.0,42505.0
1995,Rio Grande,29995.0,30512.2
1995,Routt,55149.0,57736.0
1995,Saguache,17396.2,16683.0
1995,San Juan,3028.2,3043.4
1995,San Miguel,33053.8,31505.2
1995,Sedgwick,11227.6,10361.6
1995,Summit,87802.0,90936.0
1995,Teller,41914.4,40444.8
1995,Washington,15018.0,15040.4
1995,Weld,333201.0,339085.0
1995,Yuma,27255.6,26990.4
1996,Adams,683543.0,735764.0
1996,Alamosa,45583.0,38035.8
1996,Arapahoe,1316773.0,1188136.0
1996,Archuleta,23727.8,27350.4
1996,Baca,20473.6,17894.2
1996,Bent,19189.2,20243.6
1996,Boulder,637794.0,613797.0
1996,Broomfield,0.0,0.0
1996,Chaffee,36977.0,38909.4
1996,Cheyenne,12605.2,13089.8
1996,Clear Creek,22958.2,22233.6
1996,Conejos,21456.0,22272.4
1996,Costilla,14522.4,13836.8
1996,Crowley,7879.8,7876.0
1996,Custer,6058.6,6018.4
1996,Delta,66239.0,66972.0
1996,Denver,2118305.0,2296917.0
1996,Dolores,5446.4,5611.4
1996,Douglas,332027.0,315808.0
1996,Eagle,144560.0,143569.0
1996,El Paso,1069504.0,1100920.0
1996,Elbert,28561.8,29856.0
1996,Fremont,64260.0,65463.0
1996,Garfield,105286.0,100358.0
1996,Gilpin,22363.2,27300.2
1996,Grand,39697.8,43363.8
1996,Gunnison,54169.6,39684.2
1996,Hinsdale,2776.4,3125.2
1996,Huerfano,23056.8,22785.0
1996,Jackson,5464.4,5380.2
1996,Jefferson,969729.0,955923.0
1996,Kiowa,11033.4,11411.8
1996,Kit Carson,25802.2,24278.6
1996,La Plata,96649.0,95679.0
1996,Lake,60100.0,50690.0
1996,Larimer,556153.0,669873.0
1996,Las Animas,38023.0,36410.8
1996,Lincoln,18583.2,20705.2
1996,Logan,60023.0,56932.0
1996,Mesa,223314.0,236260.0
1996,Mineral,3802.0,3978.8
1996,Moffat,62711.0,64870.0
1996,Montezuma,64972.0,69209.0
1996,Montrose,96603.0,99649.0
1996,Morgan,71288.0,67433.0
1996,Otero,59311.0,54174.0
1996,Ouray,10348.0,10653.2
1996,Park,31575.4,28071.6
1996,Phillips,13756.4,13728.2
1996,Pitkin,93253.0,106377.0
1996,Prowers,35552.0,36180.8
1996,Pueblo,287750.0,293870.0
1996,Rio Blanco,38432.0,41079.0
1996,Rio Grande,32312.0,33013.6
1996,Routt,57062.0,60029.0
1996,Saguache,17699.6,18840.0
1996,San Juan,3494.6,3461.2
1996,San Miguel,35885.4,34019.6
1996,Sedgwick,12154.8,10816.8
1996,Summit,97966.0,98982.0
1996,Teller,44438.2,45402.4
1996,Washington,15459.0,15518.2
1996,Weld,357649.0,359699.0
1996,Yuma,29347.8,28411.2
1997,Adams,709269.0,774010.0
1997,Alamosa,48034.0,40353.0
1997,Arapahoe,1393628.0,1241996.0
1997,Archuleta,25393.0,29806.0
1997,Baca,22078.0,18845.0
1997,Bent,21596.0,22467.0
1997,Boulder,677015.0,654146.0
1997,Broomfield,0.0,0.0
1997,Chaffee,40311.0,42784.0
1997,Cheyenne,13208.0,14037.0
1997,Clear Creek,23059.0,22972.0
1997,Conejos,21801.0,22910.0
1997,Costilla,14862.0,14005.0
1997,Crowley,8000.0,7883.0
1997,Custer,6627.0,6516.0
1997,Delta,71063.0,71548.0
1997,Denver,2168509.0,2460883.0
1997,Dolores,5731.0,5963.0
1997,Douglas,368185.0,351884.0
1997,Eagle,151144.0,149587.0
1997,El Paso,1134063.0,1178799.0
1997,Elbert,31157.0,32472.0
1997,Fremont,66387.0,68472.0
1997,Garfield,112158.0,104708.0
1997,Gilpin,26455.0,32654.0
1997,Grand,42307.0,45706.0
1997,Gunnison,60542.0,42197.0
1997,Hinsdale,3015.0,3440.0
1997,Huerfano,21642.0,23105.0
1997,Jackson,5476.0,5423.0
1997,Jefferson,1019035.0,1002103.0
1997,Kiowa,12326.0,12784.0
1997,Kit Carson,27135.0,25409.0
1997,La Plata,102244.0,101426.0
1997,Lake,60955.0,50885.0
1997,Larimer,575412.0,708106.0
1997,Las Animas,40409.0,38226.0
1997,Lincoln,19780.0,22503.0
1997,Logan,63992.0,59691.0
1997,Mesa,232822.0,246759.0
1997,Mineral,4424.0,4599.0
1997,Moffat,64909.0,66725.0
1997,Montezuma,68443.0,72589.0
1997,Montrose,104086.0,107396.0
1997,Morgan,74692.0,69300.0
1997,Otero,63150.0,56390.0
1997,Ouray,11669.0,11673.0
1997,Park,33895.0,29163.0
1997,Phillips,14230.0,14094.0
1997,Pitkin,93497.0,112958.0
1997,Prowers,35755.0,36541.0
1997,Pueblo,294851.0,301661.0
1997,Rio Blanco,39037.0,39652.0
1997,Rio Grande,34629.0,35515.0
1997,Routt,58976.0,62322.0
1997,Saguache,18003.0,20997.0
1997,San Juan,3961.0,3879.0
1997,San Miguel,38717.0,36534.0
1997,Sedgwick,13082.0,11272.0
1997,Summit,108130.0,107028.0
1997,Teller,46962.0,50360.0
1997,Washington,15900.0,15996.0
1997,Weld,382098.0,380312.0
1997,Yuma,31440.0,29832.0
1998,Adams,818231.0,861324.0
1998,Alamosa,47988.0,41879.6
1998,Arapahoe,1499411.0,1346905.0
1998,Archuleta,26320.6,33091.2
1998,Baca,22408.6,20256.4
1998,Bent,23647.4,24458.2
1998,Boulder,744854.0,706414.0
1998,Broomfield,130160.0,20856.0
1998,Chaffee,43189.0,45472.8
1998,Cheyenne,14266.0,14773.6
1998,Clear Creek,27323.2,25029.8
1998,Conejos,22621.0,23962.6
1998,Costilla,13760.0,13009.6
1998,Crowley,8030.2,8004.6
1998,Custer,7775.2,7141.2
1998,Delta,75354.0,75232.0
1998,Denver,2371948.0,2664614.0
1998,Dolores,6540.8,6272.4
1998,Douglas,432244.0,416344.0
1998,Eagle,164042.0,164520.0
1998,El Paso,1250032.0,1272804.0
1998,Elbert,33676.4,35654.4
1998,Fremont,70303.0,71380.0
1998,Garfield,126788.0,115228.0
1998,Gilpin,27288.6,35800.4
1998,Grand,48028.6,51958.6
1998,Gunnison,60143.2,45483.4
1998,Hinsdale,2997.6,3367.6
1998,Huerfano,22174.6,23284.8
1998,Jackson,5766.8,5710.0
1998,Jefferson,1116997.0,1080231.0
1998,Kiowa,12495.2,13142.4
1998,Kit Carson,28343.6,27271.2
1998,La Plata,107642.0,107301.0
1998,Lake,63918.0,57604.0
1998,Larimer,611832.0,734149.0
1998,Las Animas,43190.0,39783.8
1998,Lincoln,20665.0,23196.6
1998,Logan,64525.0,62328.0
1998,Mesa,251521.0,262198.0
1998,Mineral,4330.6,4569.4
1998,Moffat,67286.0,70256.0
1998,Montezuma,68118.0,72244.0
1998,Montrose,110014.0,113408.0
1998,Morgan,74968.0,71813.0
1998,Otero,63239.0,58094.0
1998,Ouray,11882.2,11957.2
1998,Park,34798.2,31454.4
1998,Phillips,15724.8,15942.8
1998,Pitkin,109447.0,126959.0
1998,Prowers,40070.0,41832.6
1998,Pueblo,308027.0,317135.0
1998,Rio Blanco,40661.0,41392.0
1998,Rio Grande,35496.0,36269.8
1998,Routt,66279.0,67902.0
1998,Saguache,17836.4,20504.8
1998,San Juan,3903.2,3835.2
1998,San Miguel,41947.8,40028.6
1998,Sedgwick,13552.4,11957.0
1998,Summit,111937.0,113588.0
1998,Teller,50579.0,54485.4
1998,Washington,16517.4,16560.6
1998,Weld,418321.0,414471.0
1998,Yuma,34184.4,34057.0
1999,Adams,927192.0,948638.0
1999,Alamosa,47942.0,43406.2
1999,Arapahoe,1605194.0,1451813.0
1999,Archuleta,27248.2,36376.4
1999,Baca,22739.2,21667.8
1999,Bent,25698.8,26449.4
1999,Boulder,812693.0,758682.0
1999,Broomfield,260320.0,41712.0
1999,Chaffee,46066.0,48161.6
1999,Cheyenne,15324.0,15510.2
1999,Clear Creek,31587.4,27087.6
1999,Conejos,23441.0,25015.2
1999,Costilla,12658.0,12014.2
1999,Crowley,8060.4,8126.2
1999,Custer,8923.4,7766.4
1999,Delta,79645.0,78916.0
1999,Denver,2575388.0,2868345.0
1999,Dolores,7350.6,6581.8
1999,Douglas,496303.0,480804.0
1999,Eagle,176940.0,179453.0
1999,El Paso,1366001.0,1366809.0
1999,Elbert,36195.8,38836.8
1999,Fremont,74219.0,74288.0
1999,Garfield,141418.0,125747.0
1999,Gilpin,28122.2,38946.8
1999,Grand,53750.2,58211.2
1999,Gunnison,59744.4,48769.8
1999,Hinsdale,2980.2,3295.2
1999,Huerfano,22707.2,23464.6
1999,Jackson,6057.6,5997.0
1999,Jefferson,1214959.0,1158359.0
1999,Kiowa,12664.4,13500.8
1999,Kit Carson,29552.2,29133.4
1999,La Plata,113040.0,113177.0
1999,Lake,66881.0,64323.0
1999,Larimer,648252.0,760193.0
1999,Las Animas,45971.0,41341.6
1999,Lincoln,21550.0,23890.2
1999,Logan,65058.0,64966.0
1999,Mesa,270221.0,277636.0
1999,Mineral,4237.2,4539.8
1999,Moffat,69664.0,73787.0
1999,Montezuma,67794.0,71898.0
1999,Montrose,115943.0,119420.0
1999,Morgan,75244.0,74326.0
1999,Otero,63328.0,59797.0
1999,Ouray,12095.4,12241.4
1999,Park,35701.4,33745.8
1999,Phillips,17219.6,17791.6
1999,Pitkin,125397.0,140960.0
1999,Prowers,44384.0,47124.2
1999,Pueblo,321203.0,332609.0
1999,Rio Blanco,42285.0,43132.0
1999,Rio Grande,36363.0,37024.6
1999,Routt,73582.0,73482.0
1999,Saguache,17669.8,20012.6
1999,San Juan,3845.4,3791.4
1999,San Miguel,45178.6,43523.2
1999,Sedgwick,14022.8,12642.0
1999,Summit,115745.0,120148.0
1999,Teller,54196.0,58610.8
1999,Washington,17134.8,17125.2
1999,Weld,454543.0,448630.0
1999,Yuma,36928.8,38282.0
2000,Adams,1036154.0,1035952.0
2000,Alamosa,47897.0,44932.8
2000,Arapahoe,1710978.0,1556722.0
2000,Archuleta,28175.8,39661.6
2000,Baca,23069.8,23079.2
2000,Bent,27750.2,28440.6
2000,Boulder,880533.0,810949.0
2000,Broomfield,390479.0,62569.0
2000,Chaffee,48944.0,50850.4
2000,Cheyenne,16382.0,16246.8
2000,Clear Creek,35851.6,29145.4
2000,Conejos,24261.0,26067.8
2000,Costilla,11556.0,11018.8
2000,Crowley,8090.6,8247.8
2000,Custer,10071.6,8391.6
2000,Delta,83935.0,82601.0
2000,Denver,2778827.0,3072076.0
2000,Dolores,8160.4,6891.2
2000,Douglas,560363.0,545264.0
2000,Eagle,189839.0,194387.0
2000,El Paso,1481971.0,1460814.0
2000,Elbert,38715.2,42019.2
2000,Fremont,78134.0,77196.0
2000,Garfield,156048.0,136267.0
2000,Gilpin,28955.8,42093.2
2000,Grand,59471.8,64463.8
2000,Gunnison,59345.6,52056.2
2000,Hinsdale,2962.8,3222.8
2000,Huerfano,23239.8,23644.4
2000,Jackson,6348.4,6284.0
2000,Jefferson,1312920.0,1236488.0
2000,Kiowa,12833.6,13859.2
2000,Kit Carson,30760.8,30995.6
2000,La Plata,118438.0,119052.0
2000,Lake,69843.0,71043.0
2000,Larimer,684672.0,786236.0
2000,Las Animas,48753.0,42899.4
2000,Lincoln,22435.0,24583.8
2000,Logan,65591.0,67603.0
2000,Mesa,288920.0,293075.0
2000,Mineral,4143.8,4510.2
2000,Moffat,72041.0,77317.0
2000,Montezuma,67469.0,71553.0
2000,Montrose,121871.0,125432.0
2000,Morgan,75519.0,76838.0
2000,Otero,63416.0,61501.0
2000,Ouray,12308.6,12525.6
2000,Park,36604.6,36037.2
2000,Phillips,18714.4,19640.4
2000,Pitkin,141347.0,154960.0
2000,Prowers,48699.0,52415.8
2000,Pueblo,334380.0,348084.0
2000,Rio Blanco,43908.0,44872.0
2000,Rio Grande,37230.0,37779.4
2000,Routt,80886.0,79061.0
2000,Saguache,17503.2,19520.4
2000,San Juan,3787.6,3747.6
2000,San Miguel,48409.4,47017.8
2000,Sedgwick,14493.2,13327.0
2000,Summit,119552.0,126709.0
2000,Teller,57813.0,62736.2
2000,Washington,17752.2,17689.8
2000,Weld,490766.0,482790.0
2000,Yuma,39673.2,42507.0
2001,Adams,1145115.0,1123266.0
2001,Alamosa,47851.0,46459.4
2001,Arapahoe,1816761.0,1661630.0
2001,Archuleta,29103.4,42946.8
2001,Baca,23400.4,24490.6
2001,Bent,29801.6,30431.8
2001,Boulder,948372.0,863217.0
2001,Broomfield,520639.0,83425.0
2001,Chaffee,51821.0,53539.2
2001,Cheyenne,17440.0,16983.4
2001,Clear Creek,40115.8,31203.2
2001,Conejos,25081.0,27120.4
2001,Costilla,10454.0,10023.4
2001,Crowley,8120.8,8369.4
2001,Custer,11219.8,9016.8
2001,Delta,88226.0,86285.0
2001,Denver,2982267.0,3275807.0
2001,Dolores,8970.2,7200.6
2001,Douglas,624422.0,609724.0
2001,Eagle,202737.0,209320.0
2001,El Paso,1597940.0,1554819.0
2001,Elbert,41234.6,45201.6
2001,Fremont,82050.0,80104.0
2001,Garfield,170678.0,146786.0
2001,Gilpin,29789.4,45239.6
2001,Grand,65193.4,70716.4
2001,Gunnison,58946.8,55342.6
2001,Hinsdale,2945.4,3150.4
2001,Huerfano,23772.4,23824.2
2001,Jackson,6639.2,6571.0
2001,Jefferson,1410882.0,1314616.0
2001,Kiowa,13002.8,14217.6
2001,Kit Carson,31969.4,32857.8
2001,La Plata,123836.0,124928.0
2001,Lake,72806.0,77762.0
2001,Larimer,721092.0,812280.0
2001,Las Animas,51534.0,44457.2
2001,Lincoln,23320.0,25277.4
2001,Logan,66124.0,70241.0
2001,Mesa,307620.0,308513.0
2001,Mineral,4050.4,4480.6
2001,Moffat,74419.0,80848.0
2001,Montezuma,67145.0,71207.0
2001,Montrose,127800.0,131444.0
2001,Morgan,75795.0,79351.0
2001,Otero,63505.0,63204.0
2001,Ouray,12521.8,12809.8
2001,Park,37507.8,38328.6
2001,Phillips,20209.2,21489.2
2001,Pitkin,157297.0,168961.0
2001,Prowers,53013.0,57707.4
2001,Pueblo,347556.0,363558.0
2001,Rio Blanco,45532.0,46612.0
2001,Rio Grande,38097.0,38534.2
2001,Routt,88189.0,84641.0
2001,Saguache,17336.6,19028.2
2001,San Juan,3729.8,3703.8
2001,San Miguel,51640.2,50512.4
2001,Sedgwick,14963.6,14012.0
2001,Summit,123360.0,133269.0
2001,Teller,61430.0,66861.6
2001,Washington,18369.6,18254.4
2001,Weld,526988.0,516949.0
2001,Yuma,42417.6,46732.0
2002,Adams,1254077.0,1210580.0
2002,Alamosa,47805.0,47986.0
2002,Arapahoe,1922544.0,1766539.0
2002,Archuleta,30031.0,46232.0
2002,Baca,23731.0,25902.0
2002,Bent,31853.0,32423.0
2002,Boulder,1016211.0,915485.0
2002,Broomfield,650799.0,104281.0
2002,Chaffee,54699.0,56228.0
2002,Cheyenne,18498.0,17720.0
2002,Clear Creek,44380.0,33261.0
2002,Conejos,25901.0,28173.0
2002,Costilla,9352.0,9028.0
2002,Crowley,8151.0,8491.0
2002,Custer,12368.0,9642.0
2002,Delta,92517.0,89969.0
2002,Denver,3185706.0,3479538.0
2002,Dolores,9780.0,7510.0
2002,Douglas,688481.0,674184.0
2002,Eagle,215635.0,224253.0
2002,El Paso,1713909.0,1648824.0
2002,Elbert,43754.0,48384.0
2002,Fremont,85966.0,83012.0
2002,Garfield,185308.0,157306.0
2002,Gilpin,30623.0,48386.0
2002,Grand,70915.0,76969.0
2002,Gunnison,58548.0,58629.0
2002,Hinsdale,2928.0,3078.0
2002,Huerfano,24305.0,24004.0
2002,Jackson,6930.0,6858.0
2002,Jefferson,1508844.0,1392744.0
2002,Kiowa,13172.0,14576.0
2002,Kit Carson,33178.0,34720.0
2002,La Plata,129234.0,130803.0
2002,Lake,75769.0,84481.0
2002,Larimer,757512.0,838323.0
2002,Las Animas,54315.0,46015.0
2002,Lincoln,24205.0,25971.0
2002,Logan,66657.0,72878.0
2002,Mesa,326319.0,323952.0
2002,Mineral,3957.0,4451.0
2002,Moffat,76796.0,84379.0
2002,Montezuma,66820.0,70862.0
2002,Montrose,133728.0,137456.0
2002,Morgan,76071.0,81864.0
2002,Otero,63594.0,64908.0
2002,Ouray,12735.0,13094.0
2002,Park,38411.0,40620.0
2002,Phillips,21704.0,23338.0
2002,Pitkin,173247.0,182962.0
2002,Prowers,57328.0,62999.0
2002,Pueblo,360732.0,379032.0
2002,Rio Blanco,47156.0,48352.0
2002,Rio Grande,38964.0,39289.0
2002,Routt,95492.0,90221.0
2002,Saguache,17170.0,18536.0
2002,San Juan,3672.0,3660.0
2002,San Miguel,54871.0,54007.0
2002,Sedgwick,15434.0,14697.0
2002,Summit,127167.0,139829.0
2002,Teller,65047.0,70987.0
2002,Washington,18987.0,18819.0
2002,Weld,563211.0,551108.0
2002,Yuma,45162.0,50957.0
2003,Adams,1321420.7,1273360.1
2003,Alamosa,49007.7,49907.9
2003,Arapahoe,2013862.9,1845923.5
2003,Archuleta,31327.4,49102.4
2003,Baca,24698.5,27083.1
2003,Bent,34082.1,34530.3
2003,Boulder,1069740.9,961793.4
2003,Broomfield,715878.9,114709.1
2003,Chaffee,57804.8,59509.7
2003,Cheyenne,19328.4,18561.9
2003,Clear Creek,46562.5,34659.1
2003,Conejos,26483.5,29018.1
2003,Costilla,8970.8,8614.4
2003,Crowley,8226.2,8555.3
2003,Custer,13226.3,10203.4
2003,Delta,97074.3,94099.0
2003,Denver,3312527.8,3663386.6
2003,Dolores,10327.2,7840.5
2003,Douglas,738589.5,724452.2
2003,Eagle,225375.9,234728.6
2003,El Paso,1804172.9,1734766.2
2003,Elbert,46311.3,51283.2
2003,Fremont,88987.5,85970.7
2003,Garfield,196059.1,164740.7
2003,Gilpin,33085.7,52636.1
2003,Grand,75080.4,81266.4
2003,Gunnison,61534.8,61528.6
2003,Hinsdale,3038.6,3199.2
2003,Huerfano,23863.9,24253.9
2003,Jackson,7081.2,7022.9
2003,Jefferson,1582478.1,1454898.0
2003,Kiowa,13902.9,15441.3
2003,Kit Carson,34448.7,36216.3
2003,La Plata,134730.5,136614.0
2003,Lake,77677.9,87938.0
2003,Larimer,785351.3,870461.1
2003,Las Animas,56898.6,47701.5
2003,Lincoln,25245.9,27216.7
2003,Logan,68908.1,75576.1
2003,Mesa,340422.9,336920.6
2003,Mineral,4221.3,4746.3
2003,Moffat,79083.6,87071.8
2003,Montezuma,68393.2,72379.1
2003,Montrose,140433.7,144335.7
2003,Morgan,77910.7,84054.0
2003,Otero,65558.0,66868.0
2003,Ouray,13502.1,13746.0
2003,Park,40022.4,42311.4
2003,Phillips,22688.2,24445.3
2003,Pitkin,181343.9,193252.7
2003,Prowers,59586.8,65824.9
2003,Pueblo,370870.7,390664.7
2003,Rio Blanco,48270.4,48508.7
2003,Rio Grande,40556.0,40917.1
2003,Routt,100100.4,94157.5
2003,Saguache,17238.4,19368.4
2003,San Juan,3876.3,3847.0
2003,San Miguel,57902.2,57011.5
2003,Sedgwick,16132.8,15267.1
2003,Summit,134152.8,147132.2
2003,Teller,68117.4,75528.5
2003,Washington,19516.2,19340.2
2003,Weld,593546.6,578494.3
2003,Yuma,47580.3,53779.9
2004,Adams,1388764.4,1336140.2
2004,Alamosa,50210.4,51829.8
2004,Arapahoe,2105181.8,1925308.0
2004,Archuleta,32623.8,51972.8
2004,Baca,25666.0,28264.2
2004,Bent,36311.2,36637.6
2004,Boulder,1123270.8,1008101.8
2004,Broomfield,780958.8,125137.2
2004,Chaffee,60910.6,62791.4
2004,Cheyenne,20158.8,19403.8
2004,Clear Creek,48745.0,36057.2
2004,Conejos,27066.0,29863.2
2004,Costilla,8589.6,8200.8
2004,Crowley,8301.4,8619.6
2004,Custer,14084.6,10764.8
2004,Delta,101631.6,98229.0
2004,Denver,3439349.6,3847235.2
2004,Dolores,10874.4,8171.0
2004,Douglas,788698.0,774720.4
2004,Eagle,235116.8,245204.2
2004,El Paso,1894436.8,1820708.4
2004,Elbert,48868.6,54182.4
2004,Fremont,92009.0,88929.4
2004,Garfield,206810.2,172175.4
2004,Gilpin,35548.4,56886.2
2004,Grand,79245.8,85563.8
2004,Gunnison,64521.6,64428.2
2004,Hinsdale,3149.2,3320.4
2004,Huerfano,23422.8,24503.8
2004,Jackson,7232.4,7187.8
2004,Jefferson,1656112.2,1517052.0
2004,Kiowa,14633.8,16306.6
2004,Kit Carson,35719.4,37712.6
2004,La Plata,140227.0,142425.0
2004,Lake,79586.8,91395.0
2004,Larimer,813190.6,902599.2
2004,Las Animas,59482.2,49388.0
2004,Lincoln,26286.8,28462.4
2004,Logan,71159.2,78274.2
2004,Mesa,354526.8,349889.2
2004,Mineral,4485.6,5041.6
2004,Moffat,81371.2,89764.6
2004,Montezuma,69966.4,73896.2
2004,Montrose,147139.4,151215.4
2004,Morgan,79750.4,86244.0
2004,Otero,67522.0,68828.0
2004,Ouray,14269.2,14398.0
2004,Park,41633.8,44002.8
2004,Phillips,23672.4,25552.6
2004,Pitkin,189440.8,203543.4
2004,Prowers,61845.6,68650.8
2004,Pueblo,381009.4,402297.4
2004,Rio Blanco,49384.8,48665.4
2004,Rio Grande,42148.0,42545.2
2004,Routt,104708.8,98094.0
2004,Saguache,17306.8,20200.8
2004,San Juan,4080.6,4034.0
2004,San Miguel,60933.4,60016.0
2004,Sedgwick,16831.6,15837.2
2004,Summit,141138.6,154435.4
2004,Teller,71187.8,80070.0
2004,Washington,20045.4,19861.4
2004,Weld,623882.2,605880.6
2004,Yuma,49998.6,56602.8
2005,Adams,1456108.1,1398920.3
2005,Alamosa,51413.1,53751.7
2005,Arapahoe,2196500.7,2004692.5
2005,Archuleta,33920.2,54843.2
2005,Baca,26633.5,29445.3
2005,Bent,38540.3,38744.9
2005,Boulder,1176800.7,1054410.2
2005,Broomfield,846038.7,135565.3
2005,Chaffee,64016.4,66073.1
2005,Cheyenne,20989.2,20245.7
2005,Clear Creek,50927.5,37455.3
2005,Conejos,27648.5,30708.3
2005,Costilla,8208.4,7787.2
2005,Crowley,8376.6,8683.9
2005,Custer,14942.9,11326.2
2005,Delta,106188.9,102359.0
2005,Denver,3566171.4,4031083.8
2005,Dolores,11421.6,8501.5
2005,Douglas,838806.5,824988.6
2005,Eagle,244857.7,255679.8
2005,El Paso,1984700.7,1906650.6
2005,Elbert,51425.9,57081.6
2005,Fremont,95030.5,91888.1
2005,Garfield,217561.3,179610.1
2005,Gilpin,38011.1,61136.3
2005,Grand,83411.2,89861.2
2005,Gunnison,67508.4,67327.8
2005,Hinsdale,3259.8,3441.6
2005,Huerfano,22981.7,24753.7
2005,Jackson,7383.6,7352.7
2005,Jefferson,1729746.3,1579206.0
2005,Kiowa,15364.7,17171.9
2005,Kit Carson,36990.1,39208.9
2005,La Plata,145723.5,148236.0
2005,Lake,81495.7,94852.0
2005,Larimer,841029.9,934737.3
2005,Las Animas,62065.8,51074.5
2005,Lincoln,27327.7,29708.1
2005,Logan,73410.3,80972.3
2005,Mesa,368630.7,362857.8
2005,Mineral,4749.9,5336.9
2005,Moffat,83658.8,92457.4
2005,Montezuma,71539.6,75413.3
2005,Montrose,153845.1,158095.1
2005,Morgan,81590.1,88434.0
2005,Otero,69486.0,70788.0
2005,Ouray,15036.3,15050.0
2005,Park,43245.2,45694.2
2005,Phillips,24656.6,26659.9
2005,Pitkin,197537.7,213834.1
2005,Prowers,64104.4,71476.7
2005,Pueblo,391148.1,413930.1
2005,Rio Blanco,50499.2,48822.1
2005,Rio Grande,43740.0,44173.3
2005,Routt,109317.2,102030.5
2005,Saguache,17375.2,21033.2
2005,San Juan,4284.9,4221.0
2005,San Miguel,63964.6,63020.5
2005,Sedgwick,17530.4,16407.3
2005,Summit,148124.4,161738.6
2005,Teller,74258.2,84611.5
2005,Washington,20574.6,20382.6
2005,Weld,654217.8,633266.9
2005,Yuma,52416.9,59425.7
2006,Adams,1523451.8,1461700.4
2006,Alamosa,52615.8,55673.6
2006,Arapahoe,2287819.6,2084077.0
2006,Archuleta,35216.6,57713.6
2006,Baca,27601.0,30626.4
2006,Bent,40769.4,40852.2
2006,Boulder,1230330.6,1100718.6
2006,Broomfield,911118.6,145993.4
2006,Chaffee,67122.2,69354.8
2006,Cheyenne,21819.6,21087.6
2006,Clear Creek,53110.0,38853.4
2006,Conejos,28231.0,31553.4
2006,Costilla,7827.2,7373.6
2006,Crowley,8451.8,8748.2
2006,Custer,15801.2,11887.6
2006,Delta,110746.2,106489.0
2006,Denver,3692993.2,4214932.4
2006,Dolores,11968.8,8832.0
2006,Douglas,888915.0,875256.8
2006,Eagle,254598.6,266155.4
2006,El Paso,2074964.6,1992592.8
2006,Elbert,53983.2,59980.8
2006,Fremont,98052.0,94846.8
2006,Garfield,228312.4,187044.8
2006,Gilpin,40473.8,65386.4
2006,Grand,87576.6,94158.6
2006,Gunnison,70495.2,70227.4
2006,Hinsdale,3370.4,3562.8
2006,Huerfano,22540.6,25003.6
2006,Jackson,7534.8,7517.6
2006,Jefferson,1803380.4,1641360.0
2006,Kiowa,16095.6,18037.2
2006,Kit Carson,38260.8,40705.2
2006,La Plata,151220.0,154047.0
2006,Lake,83404.6,98309.0
2006,Larimer,868869.2,966875.4
2006,Las Animas,64649.4,52761.0
2006,Lincoln,28368.6,30953.8
2006,Logan,75661.4,83670.4
2006,Mesa,382734.6,375826.4
2006,Mineral,5014.2,5632.2
2006,Moffat,85946.4,95150.2
2006,Montezuma,73112.8,76930.4
2006,Montrose,160550.8,164974.8
2006,Morgan,83429.8,90624.0
2006,Otero,71450.0,72748.0
2006,Ouray,15803.4,15702.0
2006,Park,44856.6,47385.6
2006,Phillips,25640.8,27767.2
2006,Pitkin,205634.6,224124.8
2006,Prowers,66363.2,74302.6
2006,Pueblo,401286.8,425562.8
2006,Rio Blanco,51613.6,48978.8
2006,Rio Grande,45332.0,45801.4
2006,Routt,113925.6,105967.0
2006,Saguache,17443.6,21865.6
2006,San Juan,4489.2,4408.0
2006,San Miguel,66995.8,66025.0
2006,Sedgwick,18229.2,16977.4
2006,Summit,155110.2,169041.8
2006,Teller,77328.6,89153.0
2006,Washington,21103.8,20903.8
2006,Weld,684553.4,660653.2
2006,Yuma,54835.2,62248.6
2007,Adams,1590795.5,1524480.5
2007,Alamosa,53818.5,57595.5
2007,Arapahoe,2379138.5,2163461.5
2007,Archuleta,36513.0,60584.0
2007,Baca,28568.5,31807.5
2007,Bent,42998.5,42959.5
2007,Boulder,1283860.5,1147027.0
2007,Broomfield,976198.5,156421.5
2007,Chaffee,70228.0,72636.5
2007,Cheyenne,22650.0,21929.5
2007,Clear Creek,55292.5,40251.5
2007,Conejos,28813.5,32398.5
2007,Costilla,7446.0,6960.0
2007,Crowley,8527.0,8812.5
2007,Custer,16659.5,12449.0
2007,Delta,115303.5,110619.0
2007,Denver,3819815.0,4398781.0
2007,Dolores,12516.0,9162.5
2007,Douglas,939023.5,925525.0
2007,Eagle,264339.5,276631.0
2007,El Paso,2165228.5,2078535.0
2007,Elbert,56540.5,62880.0
2007,Fremont,101073.5,97805.5
2007,Garfield,239063.5,194479.5
2007,Gilpin,42936.5,69636.5
2007,Grand,91742.0,98456.0
2007,Gunnison,73482.0,73127.0
2007,Hinsdale,3481.0,3684.0
2007,Huerfano,22099.5,25253.5
2007,Jackson,7686.0,7682.5
2007,Jefferson,1877014.5,1703514.0
2007,Kiowa,16826.5,18902.5
2007,Kit Carson,39531.5,42201.5
2007,La Plata,156716.5,159858.0
2007,Lake,85313.5,101766.0
2007,Larimer,896708.5,999013.5
2007,Las Animas,67233.0,54447.5
2007,Lincoln,29409.5,32199.5
2007,Logan,77912.5,86368.5
2007,Mesa,396838.5,388795.0
2007,Mineral,5278.5,5927.5
2007,Moffat,88234.0,97843.0
2007,Montezuma,74686.0,78447.5
2007,Montrose,167256.5,171854.5
2007,Morgan,85269.5,92814.0
2007,Otero,73414.0,74708.0
2007,Ouray,16570.5,16354.0
2007,Park,46468.0,49077.0
2007,Phillips,26625.0,28874.5
2007,Pitkin,213731.5,234415.5
2007,Prowers,68622.0,77128.5
2007,Pueblo,411425.5,437195.5
2007,Rio Blanco,52728.0,49135.5
2007,Rio Grande,46924.0,47429.5
2007,Routt,118534.0,109903.5
2007,Saguache,17512.0,22698.0
2007,San Juan,4693.5,4595.0
2007,San Miguel,70027.0,69029.5
2007,Sedgwick,18928.0,17547.5
2007,Summit,162096.0,176345.0
2007,Teller,80399.0,93694.5
2007,Washington,21633.0,21425.0
2007,Weld,714889.0,688039.5
2007,Yuma,57253.5,65071.5
2008,Adams,1658139.2,1587260.6
2008,Alamosa,55021.2,59517.4
2008,Arapahoe,2470457.4,2242846.0
2008,Archuleta,37809.4,63454.4
2008,Baca,29536.0,32988.6
2008,Bent,45227.6,45066.8
2008,Boulder,1337390.4,1193335.4
2008,Broomfield,1041278.4,166849.6
2008,Chaffee,73333.8,75918.2
2008,Cheyenne,23480.4,22771.4
2008,Clear Creek,57475.0,41649.6
2008,Conejos,29396.0,33243.6
2008,Costilla,7064.8,6546.4
2008,Crowley,8602.2,8876.8
2008,Custer,17517.8,13010.4
2008,Delta,119860.8,114749.0
2008,Denver,3946636.8,4582629.6
2008,Dolores,13063.2,9493.0
2008,Douglas,989132.0,975793.2
2008,Eagle,274080.4,287106.6
2008,El Paso,2255492.4,2164477.2
2008,Elbert,59097.8,65779.2
2008,Fremont,104095.0,100764.2
2008,Garfield,249814.6,201914.2
2008,Gilpin,45399.2,73886.6
2008,Grand,95907.4,102753.4
2008,Gunnison,76468.8,76026.6
2008,Hinsdale,3591.6,3805.2
2008,Huerfano,21658.4,25503.4
2008,Jackson,7837.2,7847.4
2008,Jefferson,1950648.6,1765668.0
2008,Kiowa,17557.4,19767.8
2008,Kit Carson,40802.2,43697.8
2008,La Plata,162213.0,165669.0
2008,Lake,87222.4,105223.0
2008,Larimer,924547.8,1031151.6
2008,Las Animas,69816.6,56134.0
2008,Lincoln,30450.4,33445.2
2008,Logan,80163.6,89066.6
2008,Mesa,410942.4,401763.6
2008,Mineral,5542.8,6222.8
2008,Moffat,90521.6,100535.8
2008,Montezuma,76259.2,79964.6
2008,Montrose,173962.2,178734.2
2008,Morgan,87109.2,95004.0
2008,Otero,75378.0,76668.0
2008,Ouray,17337.6,17006.0
2008,Park,48079.4,50768.4
2008,Phillips,27609.2,29981.8
2008,Pitkin,221828.4,244706.2
2008,Prowers,70880.8,79954.4
2008,Pueblo,421564.2,448828.2
2008,Rio Blanco,53842.4,49292.2
2008,Rio Grande,48516.0,49057.6
2008,Routt,123142.4,113840.0
2008,Saguache,17580.4,23530.4
2008,San Juan,4897.8,4782.0
2008,San Miguel,73058.2,72034.0
2008,Sedgwick,19626.8,18117.6
2008,Summit,169081.8,183648.2
2008,Teller,83469.4,98236.0
2008,Washington,22162.2,21946.2
2008,Weld,745224.6,715425.8
2008,Yuma,59671.8,67894.4
2009,Adams,1725482.9,1650040.7
2009,Alamosa,56223.9,61439.3
2009,Arapahoe,2561776.3,2322230.5
2009,Archuleta,39105.8,66324.8
2009,Baca,30503.5,34169.7
2009,Bent,47456.7,47174.100000000006
2009,Boulder,1390920.3,1239643.8
2009,Broomfield,1106358.3,177277.7
2009,Chaffee,76439.6,79199.9
2009,Cheyenne,24310.8,23613.3
2009,Clear Creek,59657.5,43047.7
2009,Conejos,29978.5,34088.7
2009,Costilla,6683.6,6132.799999999999
2009,Crowley,8677.4,8941.1
2009,Custer,18376.1,13571.8
2009,Delta,124418.1,118879.0
2009,Denver,4073458.6,4766478.2
2009,Dolores,13610.400000000001,9823.5
2009,Douglas,1039240.5,1026061.3999999999
2009,Eagle,283821.3,297582.2
2009,El Paso,2345756.3,2250419.4
2009,Elbert,61655.100000000006,68678.4
2009,Fremont,107116.5,103722.9
2009,Garfield,260565.7,209348.9
2009,Gilpin,47861.899999999994,78136.70000000001
2009,Grand,100072.79999999999,107050.79999999999
2009,Gunnison,79455.6,78926.2
2009,Hinsdale,3702.2,3926.4
2009,Huerfano,21217.3,25753.3
2009,Jackson,7988.4,8012.3
2009,Jefferson,2024282.7000000002,1827822.0
2009,Kiowa,18288.3,20633.1
2009,Kit Carson,42072.9,45194.1
2009,La Plata,167709.5,171480.0
2009,Lake,89131.3,108680.0
2009,Larimer,952387.1,1063289.7
2009,Las Animas,72400.2,57820.5
2009,Lincoln,31491.300000000003,34690.9
2009,Logan,82414.7,91764.7
2009,Mesa,425046.3,414732.2
2009,Mineral,5807.1,6518.1
2009,Moffat,92809.2,103228.6
2009,Montezuma,77832.4,81481.7
2009,Montrose,180667.9,185613.9
2009,Morgan,88948.9,97194.0
2009,Otero,77342.0,78628.0
2009,Ouray,18104.7,17658.0
2009,Park,49690.8,52459.8
2009,Phillips,28593.4,31089.1
2009,Pitkin,229925.3,254996.90000000002
2009,Prowers,73139.6,82780.3
2009,Pueblo,431702.9,460460.9
2009,Rio Blanco,54956.8,49448.9
2009,Rio Grande,50108.0,50685.7
2009,Routt,127750.79999999999,117776.5
2009,Saguache,17648.8,24362.8
2009,San Juan,5102.1,4969.0
2009,San Miguel,76089.4,75038.5
2009,Sedgwick,20325.6,18687.7
2009,Summit,176067.6,190951.4
2009,Teller,86539.8,102777.5
2009,Washington,22691.4,22467.4
2009,Weld,775560.2,742812.1
2009,Yuma,62090.100000000006,70717.3
