year,med_age,edu_yrs,perc_dem,pov_pop,stcou,cty
1989,,,,27267.0,8001.0,Adams
1990,30.7,13.0,,27743.9,8001.0,Adams
1991,30.77,13.44,,28220.8,8001.0,Adams
1992,30.84,13.879999999999999,44.0,28697.7,8001.0,Adams
1993,30.91,14.32,45.825,29174.6,8001.0,Adams
1994,30.98,14.76,47.65,29651.5,8001.0,Adams
1995,31.049999999999997,15.2,49.474999999999994,30128.4,8001.0,Adams
1996,31.119999999999997,15.639999999999999,51.3,30605.3,8001.0,Adams
1997,31.189999999999998,16.08,51.025,31082.2,8001.0,Adams
1998,31.259999999999998,16.52,50.75,31559.1,8001.0,Adams
1999,31.33,16.959999999999997,50.475,32036.0,8001.0,Adams
2000,31.4,17.4,50.2,34834.0,8001.0,Adams
2001,31.5,17.77142857142857,50.300000000000004,37632.0,8001.0,Adams
2002,31.599999999999998,18.142857142857142,50.400000000000006,40430.0,8001.0,Adams
2003,31.7,18.514285714285712,50.5,43228.0,8001.0,Adams
2004,31.799999999999997,18.885714285714286,50.6,46026.0,8001.0,Adams
2005,31.9,19.257142857142856,52.5,48824.0,8001.0,Adams
2006,32.0,19.628571428571426,54.400000000000006,51622.0,8001.0,Adams
2007,32.1,20.0,56.300000000000004,54420.0,8001.0,Adams
2008,32.199999999999996,20.37142857142857,58.2,57218.0,8001.0,Adams
2009,32.3,20.74285714285714,60.1,60016.0,8001.0,Adams
2010,32.4,21.11428571428571,62.0,62814.0,8001.0,Adams
1989,,,,3127.0,8003.0,Alamosa
1990,28.1,24.1,,3113.5,8003.0,Alamosa
1991,28.35,24.39,,3100.0,8003.0,Alamosa
1992,28.6,24.68,41.8,3086.5,8003.0,Alamosa
1993,28.85,24.970000000000002,43.125,3073.0,8003.0,Alamosa
1994,29.1,25.26,44.45,3059.5,8003.0,Alamosa
1995,29.35,25.55,45.775,3046.0,8003.0,Alamosa
1996,29.6,25.84,47.1,3032.5,8003.0,Alamosa
1997,29.85,26.13,46.175,3019.0,8003.0,Alamosa
1998,30.1,26.42,45.25,3005.5,8003.0,Alamosa
1999,30.35,26.71,44.325,2992.0,8003.0,Alamosa
2000,30.6,27.0,43.4,3107.25,8003.0,Alamosa
2001,30.830000000000002,26.942857142857143,44.55,3222.5,8003.0,Alamosa
2002,31.060000000000002,26.885714285714286,45.7,3337.75,8003.0,Alamosa
2003,31.29,26.82857142857143,46.85,3453.0,8003.0,Alamosa
2004,31.52,26.771428571428572,48.0,3568.25,8003.0,Alamosa
2005,31.75,26.714285714285715,50.0,3683.5,8003.0,Alamosa
2006,31.98,26.65714285714286,52.0,3798.75,8003.0,Alamosa
2007,32.21,26.6,54.0,3914.0,8003.0,Alamosa
2008,32.44,26.542857142857144,56.0,4029.25,8003.0,Alamosa
2009,32.67,26.485714285714288,58.0,4144.5,8003.0,Alamosa
2010,32.9,26.42857142857143,60.0,4259.75,8003.0,Alamosa
1989,,,,22973.0,8005.0,Arapahoe
1990,32.4,35.2,,23474.4,8005.0,Arapahoe
1991,32.61,35.38,,23975.8,8005.0,Arapahoe
1992,32.82,35.56,36.2,24477.2,8005.0,Arapahoe
1993,33.03,35.74,37.625,24978.6,8005.0,Arapahoe
1994,33.24,35.92,39.05,25480.0,8005.0,Arapahoe
1995,33.45,36.1,40.475,25981.4,8005.0,Arapahoe
1996,33.66,36.28,41.9,26482.8,8005.0,Arapahoe
1997,33.87,36.46,42.3,26984.2,8005.0,Arapahoe
1998,34.08,36.64,42.7,27485.6,8005.0,Arapahoe
1999,34.29,36.82,43.1,27987.0,8005.0,Arapahoe
2000,34.5,37.0,43.5,32036.25,8005.0,Arapahoe
2001,34.62,37.17142857142857,44.5,36085.5,8005.0,Arapahoe
2002,34.74,37.34285714285714,45.5,40134.75,8005.0,Arapahoe
2003,34.86,37.51428571428571,46.5,44184.0,8005.0,Arapahoe
2004,34.980000000000004,37.68571428571429,47.5,48233.25,8005.0,Arapahoe
2005,35.1,37.85714285714286,49.55,52282.5,8005.0,Arapahoe
2006,35.22,38.02857142857143,51.6,56331.75,8005.0,Arapahoe
2007,35.34,38.2,53.650000000000006,60381.0,8005.0,Arapahoe
2008,35.46,38.371428571428574,55.7,64430.25,8005.0,Arapahoe
2009,35.580000000000005,38.542857142857144,57.75000000000001,68479.5,8005.0,Arapahoe
2010,35.7,38.714285714285715,59.80000000000001,72528.75,8005.0,Arapahoe
1989,,,,903.0,8007.0,Archuleta
1990,35.4,19.7,,927.5,8007.0,Archuleta
1991,35.94,20.63,,952.0,8007.0,Archuleta
1992,36.48,21.56,29.1,976.5,8007.0,Archuleta
1993,37.019999999999996,22.49,29.075000000000003,1001.0,8007.0,Archuleta
1994,37.559999999999995,23.419999999999998,29.05,1025.5,8007.0,Archuleta
1995,38.099999999999994,24.35,29.025,1050.0,8007.0,Archuleta
1996,38.64,25.28,29.0,1074.5,8007.0,Archuleta
1997,39.18,26.21,29.275,1099.0,8007.0,Archuleta
1998,39.72,27.14,29.55,1123.5,8007.0,Archuleta
1999,40.26,28.07,29.825000000000003,1148.0,8007.0,Archuleta
2000,40.8,29.0,30.1,1237.875,8007.0,Archuleta
2001,41.559999999999995,29.87142857142857,31.75,1327.75,8007.0,Archuleta
2002,42.32,30.742857142857144,33.400000000000006,1417.625,8007.0,Archuleta
2003,43.08,31.614285714285714,35.050000000000004,1507.5,8007.0,Archuleta
2004,43.839999999999996,32.48571428571429,36.7,1597.375,8007.0,Archuleta
2005,44.599999999999994,33.35714285714286,38.225,1687.25,8007.0,Archuleta
2006,45.36,34.22857142857143,39.75,1777.125,8007.0,Archuleta
2007,46.12,35.1,41.275,1867.0,8007.0,Archuleta
2008,46.879999999999995,35.971428571428575,42.8,1956.875,8007.0,Archuleta
2009,47.64,36.84285714285715,44.324999999999996,2046.75,8007.0,Archuleta
2010,48.4,37.71428571428572,45.849999999999994,2136.625,8007.0,Archuleta
1989,,,,853.0,8009.0,Baca
1990,39.3,13.6,,842.6,8009.0,Baca
1991,39.66,13.64,,832.2,8009.0,Baca
1992,40.019999999999996,13.68,27.7,821.8,8009.0,Baca
1993,40.379999999999995,13.719999999999999,28.2,811.4,8009.0,Baca
1994,40.739999999999995,13.76,28.7,801.0,8009.0,Baca
1995,41.099999999999994,13.8,29.2,790.6,8009.0,Baca
1996,41.46,13.84,29.7,780.2,8009.0,Baca
1997,41.82,13.879999999999999,28.1,769.8,8009.0,Baca
1998,42.18,13.92,26.5,759.4,8009.0,Baca
1999,42.54,13.96,24.9,749.0,8009.0,Baca
2000,42.9,14.0,23.3,725.0,8009.0,Baca
2001,43.35,14.442857142857143,23.0,701.0,8009.0,Baca
2002,43.8,14.885714285714286,22.700000000000003,677.0,8009.0,Baca
2003,44.25,15.32857142857143,22.400000000000002,653.0,8009.0,Baca
2004,44.699999999999996,15.771428571428572,22.1,629.0,8009.0,Baca
2005,45.15,16.214285714285715,22.725,605.0,8009.0,Baca
2006,45.6,16.65714285714286,23.35,581.0,8009.0,Baca
2007,46.05,17.1,23.975,557.0,8009.0,Baca
2008,46.5,17.542857142857144,24.6,533.0,8009.0,Baca
2009,46.949999999999996,17.985714285714288,25.225,509.0,8009.0,Baca
2010,47.4,18.42857142857143,25.85,485.0,8009.0,Baca
1989,,,,957.0,8011.0,Bent
1990,39.1,14.6,,960.1,8011.0,Bent
1991,38.92,14.29,,963.2,8011.0,Bent
1992,38.74,13.98,43.6,966.3,8011.0,Bent
1993,38.56,13.67,44.6,969.4,8011.0,Bent
1994,38.38,13.36,45.6,972.5,8011.0,Bent
1995,38.2,13.05,46.6,975.6,8011.0,Bent
1996,38.019999999999996,12.74,47.6,978.7,8011.0,Bent
1997,37.839999999999996,12.43,45.675,981.8,8011.0,Bent
1998,37.66,12.120000000000001,43.75,984.9,8011.0,Bent
1999,37.48,11.81,41.825,988.0,8011.0,Bent
2000,37.3,11.5,39.9,1048.5,8011.0,Bent
2001,37.55,11.928571428571429,39.025,1109.0,8011.0,Bent
2002,37.8,12.357142857142858,38.15,1169.5,8011.0,Bent
2003,38.05,12.785714285714285,37.275,1230.0,8011.0,Bent
2004,38.3,13.214285714285714,36.4,1290.5,8011.0,Bent
2005,38.55,13.642857142857142,37.7,1351.0,8011.0,Bent
2006,38.8,14.071428571428571,39.0,1411.5,8011.0,Bent
2007,39.05,14.5,40.3,1472.0,8011.0,Bent
2008,39.3,14.928571428571429,41.6,1532.5,8011.0,Bent
2009,39.55,15.357142857142858,42.9,1593.0,8011.0,Bent
2010,39.8,15.785714285714286,44.199999999999996,1653.5,8011.0,Bent
1989,,,,23738.0,8013.0,Boulder
1990,31.6,42.1,,24046.0,8013.0,Boulder
1991,31.78,43.13,,24354.0,8013.0,Boulder
1992,31.96,44.160000000000004,50.9,24662.0,8013.0,Boulder
1993,32.14,45.19,51.225,24970.0,8013.0,Boulder
1994,32.32,46.22,51.55,25278.0,8013.0,Boulder
1995,32.5,47.25,51.875,25586.0,8013.0,Boulder
1996,32.68,48.28,52.2,25894.0,8013.0,Boulder
1997,32.86,49.31,51.675000000000004,26202.0,8013.0,Boulder
1998,33.04,50.34,51.150000000000006,26510.0,8013.0,Boulder
1999,33.22,51.37,50.625,26818.0,8013.0,Boulder
2000,33.4,52.4,50.1,28028.125,8013.0,Boulder
2001,33.64,53.0,54.15,29238.25,8013.0,Boulder
2002,33.879999999999995,53.6,58.2,30448.375,8013.0,Boulder
2003,34.12,54.2,62.25,31658.5,8013.0,Boulder
2004,34.36,54.8,66.3,32868.625,8013.0,Boulder
2005,34.599999999999994,55.4,67.8,34078.75,8013.0,Boulder
2006,34.839999999999996,56.0,69.3,35288.875,8013.0,Boulder
2007,35.08,56.6,70.8,36499.0,8013.0,Boulder
2008,35.32,57.2,72.3,37709.125,8013.0,Boulder
2009,35.559999999999995,57.800000000000004,73.8,38919.25,8013.0,Boulder
2010,35.8,58.400000000000006,75.3,40129.375,8013.0,Boulder
1989,,,,0.0,8014.0,Broomfield
1990,0.0,0.0,,0.0,8014.0,Broomfield
1991,0.0,0.0,,0.0,8014.0,Broomfield
1992,0.0,0.0,0.0,0.0,8014.0,Broomfield
1993,0.0,0.0,0.0,0.0,8014.0,Broomfield
1994,0.0,0.0,0.0,0.0,8014.0,Broomfield
1995,0.0,0.0,0.0,0.0,8014.0,Broomfield
1996,0.0,0.0,0.0,0.0,8014.0,Broomfield
1997,0.0,0.0,0.0,0.0,8014.0,Broomfield
1998,0.0,0.0,0.0,0.0,8014.0,Broomfield
1999,0.0,0.0,0.0,0.0,8014.0,Broomfield
2000,0.0,0.0,0.0,334.875,8014.0,Broomfield
2001,3.6399999999999997,5.985714285714286,11.775,669.75,8014.0,Broomfield
2002,7.279999999999999,11.971428571428572,23.55,1004.625,8014.0,Broomfield
2003,10.919999999999998,17.957142857142856,35.325,1339.5,8014.0,Broomfield
2004,14.559999999999999,23.942857142857143,47.1,1674.375,8014.0,Broomfield
2005,18.2,29.92857142857143,49.05,2009.25,8014.0,Broomfield
2006,21.839999999999996,35.91428571428571,51.0,2344.125,8014.0,Broomfield
2007,25.479999999999997,41.9,52.95,2679.0,8014.0,Broomfield
2008,29.119999999999997,47.885714285714286,54.9,3013.875,8014.0,Broomfield
2009,32.76,53.871428571428574,56.85,3348.75,8014.0,Broomfield
2010,36.4,59.85714285714286,58.800000000000004,3683.625,8014.0,Broomfield
1989,,,,1649.0,8015.0,Chaffee
1990,37.1,15.2,,1657.8,8015.0,Chaffee
1991,37.57,16.11,,1666.6,8015.0,Chaffee
1992,38.04,17.02,36.4,1675.4,8015.0,Chaffee
1993,38.51,17.93,37.925,1684.2,8015.0,Chaffee
1994,38.98,18.84,39.45,1693.0,8015.0,Chaffee
1995,39.45,19.75,40.975,1701.8,8015.0,Chaffee
1996,39.92,20.66,42.5,1710.6,8015.0,Chaffee
1997,40.39,21.57,40.975,1719.4,8015.0,Chaffee
1998,40.86,22.48,39.45,1728.2,8015.0,Chaffee
1999,41.33,23.39,37.925,1737.0,8015.0,Chaffee
2000,41.8,24.3,36.4,1755.25,8015.0,Chaffee
2001,42.36,25.042857142857144,38.025,1773.5,8015.0,Chaffee
2002,42.919999999999995,25.785714285714285,39.65,1791.75,8015.0,Chaffee
2003,43.48,26.52857142857143,41.275,1810.0,8015.0,Chaffee
2004,44.04,27.271428571428572,42.9,1828.25,8015.0,Chaffee
2005,44.599999999999994,28.014285714285716,44.425,1846.5,8015.0,Chaffee
2006,45.16,28.757142857142856,45.95,1864.75,8015.0,Chaffee
2007,45.72,29.5,47.475,1883.0,8015.0,Chaffee
2008,46.28,30.242857142857144,49.0,1901.25,8015.0,Chaffee
2009,46.839999999999996,30.985714285714288,50.525,1919.5,8015.0,Chaffee
2010,47.4,31.72857142857143,52.05,1937.75,8015.0,Chaffee
1989,,,,273.0,8017.0,Cheyenne
1990,32.0,11.9,,270.1,8017.0,Cheyenne
1991,32.59,12.13,,267.2,8017.0,Cheyenne
1992,33.18,12.36,24.8,264.3,8017.0,Cheyenne
1993,33.769999999999996,12.59,25.575,261.4,8017.0,Cheyenne
1994,34.36,12.82,26.35,258.5,8017.0,Cheyenne
1995,34.95,13.05,27.125,255.6,8017.0,Cheyenne
1996,35.54,13.28,27.9,252.7,8017.0,Cheyenne
1997,36.129999999999995,13.51,25.224999999999998,249.8,8017.0,Cheyenne
1998,36.72,13.74,22.549999999999997,246.9,8017.0,Cheyenne
1999,37.31,13.969999999999999,19.875,244.0,8017.0,Cheyenne
2000,37.9,14.2,17.2,243.125,8017.0,Cheyenne
2001,38.379999999999995,15.128571428571428,17.275,242.25,8017.0,Cheyenne
2002,38.86,16.057142857142857,17.35,241.375,8017.0,Cheyenne
2003,39.34,16.985714285714284,17.425,240.5,8017.0,Cheyenne
2004,39.82,17.914285714285715,17.5,239.625,8017.0,Cheyenne
2005,40.3,18.84285714285714,17.575,238.75,8017.0,Cheyenne
2006,40.78,19.771428571428572,17.65,237.875,8017.0,Cheyenne
2007,41.260000000000005,20.7,17.725,237.0,8017.0,Cheyenne
2008,41.74,21.628571428571426,17.8,236.125,8017.0,Cheyenne
2009,42.22,22.557142857142853,17.875,235.25,8017.0,Cheyenne
2010,42.7,23.48571428571428,17.95,234.375,8017.0,Cheyenne
1989,,,,718.0,8019.0,Clear Creek
1990,35.9,31.2,,696.3,8019.0,Clear Creek
1991,36.33,31.96,,674.6,8019.0,Clear Creek
1992,36.76,32.72,39.1,652.9,8019.0,Clear Creek
1993,37.19,33.48,40.525,631.2,8019.0,Clear Creek
1994,37.62,34.239999999999995,41.95,609.5,8019.0,Clear Creek
1995,38.05,35.0,43.375,587.8,8019.0,Clear Creek
1996,38.480000000000004,35.76,44.8,566.1,8019.0,Clear Creek
1997,38.910000000000004,36.519999999999996,44.699999999999996,544.4,8019.0,Clear Creek
1998,39.34,37.28,44.599999999999994,522.7,8019.0,Clear Creek
1999,39.77,38.04,44.5,501.0,8019.0,Clear Creek
2000,40.2,38.8,44.4,507.0,8019.0,Clear Creek
2001,40.84,39.01428571428571,46.625,513.0,8019.0,Clear Creek
2002,41.480000000000004,39.22857142857143,48.849999999999994,519.0,8019.0,Clear Creek
2003,42.120000000000005,39.44285714285714,51.074999999999996,525.0,8019.0,Clear Creek
2004,42.760000000000005,39.65714285714285,53.3,531.0,8019.0,Clear Creek
2005,43.400000000000006,39.87142857142857,54.425,537.0,8019.0,Clear Creek
2006,44.04,40.08571428571428,55.55,543.0,8019.0,Clear Creek
2007,44.68,40.3,56.675,549.0,8019.0,Clear Creek
2008,45.32,40.51428571428571,57.8,555.0,8019.0,Clear Creek
2009,45.96,40.72857142857143,58.925,561.0,8019.0,Clear Creek
2010,46.6,40.94285714285714,60.05,567.0,8019.0,Clear Creek
1989,,,,2510.0,8021.0,Conejos
1990,31.4,10.7,,2450.8,8021.0,Conejos
1991,31.68,11.07,,2391.6,8021.0,Conejos
1992,31.96,11.44,49.2,2332.4,8021.0,Conejos
1993,32.24,11.809999999999999,50.45,2273.2,8021.0,Conejos
1994,32.52,12.18,51.7,2214.0,8021.0,Conejos
1995,32.8,12.55,52.95,2154.8,8021.0,Conejos
1996,33.08,12.92,54.2,2095.6,8021.0,Conejos
1997,33.36,13.29,52.550000000000004,2036.4,8021.0,Conejos
1998,33.64,13.66,50.900000000000006,1977.1999999999998,8021.0,Conejos
1999,33.92,14.030000000000001,49.25,1918.0,8021.0,Conejos
2000,34.2,14.4,47.6,1873.875,8021.0,Conejos
2001,34.6,14.814285714285715,48.15,1829.75,8021.0,Conejos
2002,35.0,15.22857142857143,48.7,1785.625,8021.0,Conejos
2003,35.400000000000006,15.642857142857142,49.25,1741.5,8021.0,Conejos
2004,35.800000000000004,16.057142857142857,49.8,1697.375,8021.0,Conejos
2005,36.2,16.47142857142857,51.25,1653.25,8021.0,Conejos
2006,36.6,16.885714285714286,52.7,1609.125,8021.0,Conejos
2007,37.0,17.3,54.15,1565.0,8021.0,Conejos
2008,37.400000000000006,17.714285714285715,55.6,1520.875,8021.0,Conejos
2009,37.800000000000004,18.12857142857143,57.050000000000004,1476.75,8021.0,Conejos
2010,38.2,18.542857142857144,58.50000000000001,1432.625,8021.0,Conejos
1989,,,,1101.0,8023.0,Costilla
1990,35.4,10.5,,1088.7,8023.0,Costilla
1991,36.07,10.73,,1076.4,8023.0,Costilla
1992,36.74,10.96,67.3,1064.1,8023.0,Costilla
1993,37.41,11.19,68.275,1051.8,8023.0,Costilla
1994,38.08,11.42,69.25,1039.5,8023.0,Costilla
1995,38.75,11.65,70.225,1027.2,8023.0,Costilla
1996,39.42,11.88,71.2,1014.9,8023.0,Costilla
1997,40.09,12.110000000000001,69.4,1002.6,8023.0,Costilla
1998,40.76,12.34,67.6,990.3,8023.0,Costilla
1999,41.43,12.57,65.8,978.0,8023.0,Costilla
2000,42.1,12.8,64.0,958.875,8023.0,Costilla
2001,42.79,13.414285714285715,64.625,939.75,8023.0,Costilla
2002,43.480000000000004,14.02857142857143,65.25,920.625,8023.0,Costilla
2003,44.17,14.642857142857144,65.875,901.5,8023.0,Costilla
2004,44.86,15.257142857142858,66.5,882.375,8023.0,Costilla
2005,45.55,15.871428571428574,68.225,863.25,8023.0,Costilla
2006,46.24,16.485714285714288,69.95,844.125,8023.0,Costilla
2007,46.93,17.1,71.67500000000001,825.0,8023.0,Costilla
2008,47.62,17.714285714285715,73.4,805.875,8023.0,Costilla
2009,48.31,18.32857142857143,75.12500000000001,786.75,8023.0,Costilla
2010,49.0,18.942857142857143,76.85000000000002,767.625,8023.0,Costilla
1989,,,,693.0,8025.0,Crowley
1990,34.2,8.0,,689.0,8025.0,Crowley
1991,34.440000000000005,8.39,,685.0,8025.0,Crowley
1992,34.68,8.78,39.1,681.0,8025.0,Crowley
1993,34.92,9.17,39.525,677.0,8025.0,Crowley
1994,35.160000000000004,9.56,39.95,673.0,8025.0,Crowley
1995,35.400000000000006,9.95,40.375,669.0,8025.0,Crowley
1996,35.64,10.34,40.8,665.0,8025.0,Crowley
1997,35.88,10.73,39.449999999999996,661.0,8025.0,Crowley
1998,36.120000000000005,11.120000000000001,38.099999999999994,657.0,8025.0,Crowley
1999,36.36,11.51,36.75,653.0,8025.0,Crowley
2000,36.6,11.9,35.4,703.375,8025.0,Crowley
2001,36.83,12.285714285714286,34.55,753.75,8025.0,Crowley
2002,37.06,12.67142857142857,33.7,804.125,8025.0,Crowley
2003,37.29,13.057142857142857,32.85,854.5,8025.0,Crowley
2004,37.52,13.442857142857143,32.0,904.875,8025.0,Crowley
2005,37.75,13.82857142857143,32.85,955.25,8025.0,Crowley
2006,37.98,14.214285714285714,33.7,1005.625,8025.0,Crowley
2007,38.21,14.6,34.55,1056.0,8025.0,Crowley
2008,38.44,14.985714285714286,35.4,1106.375,8025.0,Crowley
2009,38.67,15.371428571428572,36.25,1156.75,8025.0,Crowley
2010,38.9,15.757142857142858,37.1,1207.125,8025.0,Crowley
1989,,,,352.0,8027.0,Custer
1990,39.2,19.2,,362.8,8027.0,Custer
1991,39.77,19.95,,373.6,8027.0,Custer
1992,40.34,20.7,24.9,384.4,8027.0,Custer
1993,40.910000000000004,21.45,25.275,395.2,8027.0,Custer
1994,41.480000000000004,22.2,25.65,406.0,8027.0,Custer
1995,42.05,22.95,26.025,416.8,8027.0,Custer
1996,42.62,23.7,26.4,427.6,8027.0,Custer
1997,43.19,24.45,25.799999999999997,438.4,8027.0,Custer
1998,43.76,25.2,25.2,449.2,8027.0,Custer
1999,44.33,25.95,24.6,460.0,8027.0,Custer
2000,44.9,26.7,24.0,480.75,8027.0,Custer
2001,45.739999999999995,27.114285714285714,25.6,501.5,8027.0,Custer
2002,46.58,27.52857142857143,27.2,522.25,8027.0,Custer
2003,47.42,27.942857142857143,28.799999999999997,543.0,8027.0,Custer
2004,48.26,28.357142857142858,30.4,563.75,8027.0,Custer
2005,49.099999999999994,28.771428571428572,31.475,584.5,8027.0,Custer
2006,49.94,29.185714285714287,32.55,605.25,8027.0,Custer
2007,50.78,29.6,33.625,626.0,8027.0,Custer
2008,51.62,30.014285714285716,34.7,646.75,8027.0,Custer
2009,52.459999999999994,30.42857142857143,35.775000000000006,667.5,8027.0,Custer
2010,53.3,30.842857142857145,36.85000000000001,688.25,8027.0,Custer
1989,,,,3647.0,8029.0,Delta
1990,40.7,13.6,,3609.5,8029.0,Delta
1991,40.86,14.0,,3572.0,8029.0,Delta
1992,41.02,14.4,32.6,3534.5,8029.0,Delta
1993,41.18,14.8,32.525,3497.0,8029.0,Delta
1994,41.34,15.200000000000001,32.45,3459.5,8029.0,Delta
1995,41.5,15.600000000000001,32.375,3422.0,8029.0,Delta
1996,41.66,16.0,32.3,3384.5,8029.0,Delta
1997,41.82,16.400000000000002,30.65,3347.0,8029.0,Delta
1998,41.98,16.8,29.0,3309.5,8029.0,Delta
1999,42.14,17.200000000000003,27.349999999999998,3272.0,8029.0,Delta
2000,42.3,17.6,25.7,3322.0,8029.0,Delta
2001,42.629999999999995,17.75714285714286,26.725,3372.0,8029.0,Delta
2002,42.96,17.914285714285715,27.75,3422.0,8029.0,Delta
2003,43.29,18.071428571428573,28.775,3472.0,8029.0,Delta
2004,43.62,18.228571428571428,29.8,3522.0,8029.0,Delta
2005,43.95,18.385714285714286,30.575,3572.0,8029.0,Delta
2006,44.28,18.54285714285714,31.35,3622.0,8029.0,Delta
2007,44.61,18.7,32.125,3672.0,8029.0,Delta
2008,44.94,18.857142857142858,32.9,3722.0,8029.0,Delta
2009,45.27,19.014285714285716,33.675,3772.0,8029.0,Delta
2010,45.6,19.171428571428574,34.449999999999996,3822.0,8029.0,Delta
1989,,,,78515.0,8031.0,Denver
1990,33.9,29.0,,78445.0,8031.0,Denver
1991,33.82,29.55,,78375.0,8031.0,Denver
1992,33.74,30.1,56.0,78304.0,8031.0,Denver
1993,33.66,30.65,57.45,78234.0,8031.0,Denver
1994,33.58,31.2,58.9,78164.0,8031.0,Denver
1995,33.5,31.75,60.349999999999994,78094.0,8031.0,Denver
1996,33.42,32.3,61.8,78024.0,8031.0,Denver
1997,33.34,32.85,61.824999999999996,77953.0,8031.0,Denver
1998,33.26,33.4,61.849999999999994,77883.0,8031.0,Denver
1999,33.18,33.95,61.875,77813.0,8031.0,Denver
2000,33.1,34.5,61.9,80826.0,8031.0,Denver
2001,33.160000000000004,35.18571428571428,63.824999999999996,83839.0,8031.0,Denver
2002,33.22,35.871428571428574,65.75,86852.0,8031.0,Denver
2003,33.28,36.55714285714286,67.675,89866.0,8031.0,Denver
2004,33.34,37.24285714285714,69.6,92879.0,8031.0,Denver
2005,33.400000000000006,37.92857142857142,71.07499999999999,95892.0,8031.0,Denver
2006,33.46,38.614285714285714,72.55,98905.0,8031.0,Denver
2007,33.52,39.3,74.025,101918.0,8031.0,Denver
2008,33.580000000000005,39.98571428571428,75.5,104931.0,8031.0,Denver
2009,33.64,40.671428571428564,76.97500000000001,107944.0,8031.0,Denver
2010,33.7,41.35714285714285,78.45000000000002,110957.0,8031.0,Denver
1989,,,,217.0,8033.0,Dolores
1990,36.4,9.8,,219.4,8033.0,Dolores
1991,37.0,10.17,,221.8,8033.0,Dolores
1992,37.6,10.540000000000001,28.6,224.2,8033.0,Dolores
1993,38.199999999999996,10.91,30.0,226.6,8033.0,Dolores
1994,38.8,11.280000000000001,31.400000000000002,229.0,8033.0,Dolores
1995,39.4,11.65,32.800000000000004,231.4,8033.0,Dolores
1996,40.0,12.02,34.2,233.8,8033.0,Dolores
1997,40.6,12.39,32.1,236.2,8033.0,Dolores
1998,41.199999999999996,12.76,30.0,238.6,8033.0,Dolores
1999,41.8,13.13,27.900000000000002,241.0,8033.0,Dolores
2000,42.4,13.5,25.8,251.125,8033.0,Dolores
2001,42.629999999999995,13.557142857142857,26.625,261.25,8033.0,Dolores
2002,42.86,13.614285714285714,27.450000000000003,271.375,8033.0,Dolores
2003,43.09,13.67142857142857,28.275000000000002,281.5,8033.0,Dolores
2004,43.32,13.72857142857143,29.1,291.625,8033.0,Dolores
2005,43.55,13.785714285714286,29.400000000000002,301.75,8033.0,Dolores
2006,43.78,13.842857142857143,29.700000000000003,311.875,8033.0,Dolores
2007,44.010000000000005,13.9,30.0,322.0,8033.0,Dolores
2008,44.24,13.957142857142857,30.3,332.125,8033.0,Dolores
2009,44.47,14.014285714285714,30.6,342.25,8033.0,Dolores
2010,44.7,14.071428571428571,30.900000000000002,352.375,8033.0,Dolores
1989,,,,1895.0,8035.0,Douglas
1990,32.3,40.7,,2076.1,8035.0,Douglas
1991,32.44,41.82,,2257.2,8035.0,Douglas
1992,32.58,42.940000000000005,24.9,2438.3,8035.0,Douglas
1993,32.72,44.06,26.474999999999998,2619.4,8035.0,Douglas
1994,32.86,45.18,28.049999999999997,2800.5,8035.0,Douglas
1995,33.0,46.3,29.625,2981.6,8035.0,Douglas
1996,33.14,47.42,31.2,3162.7,8035.0,Douglas
1997,33.28,48.54,31.25,3343.8,8035.0,Douglas
1998,33.42,49.66,31.299999999999997,3524.8999999999996,8035.0,Douglas
1999,33.56,50.78,31.349999999999998,3706.0,8035.0,Douglas
2000,33.7,51.9,31.4,4186.5,8035.0,Douglas
2001,33.99,52.128571428571426,31.725,4667.0,8035.0,Douglas
2002,34.28,52.357142857142854,32.05,5147.5,8035.0,Douglas
2003,34.57,52.58571428571428,32.375,5628.0,8035.0,Douglas
2004,34.86,52.81428571428572,32.7,6108.5,8035.0,Douglas
2005,35.150000000000006,53.042857142857144,34.725,6589.0,8035.0,Douglas
2006,35.440000000000005,53.27142857142857,36.75,7069.5,8035.0,Douglas
2007,35.730000000000004,53.5,38.775,7550.0,8035.0,Douglas
2008,36.02,53.72857142857143,40.8,8030.5,8035.0,Douglas
2009,36.31,53.957142857142856,42.824999999999996,8511.0,8035.0,Douglas
2010,36.6,54.18571428571428,44.849999999999994,8991.5,8035.0,Douglas
1989,,,,1643.0,8037.0,Eagle
1990,30.6,33.0,,1800.8,8037.0,Eagle
1991,30.66,33.96,,1958.6,8037.0,Eagle
1992,30.720000000000002,34.92,35.6,2116.4,8037.0,Eagle
1993,30.78,35.88,37.925,2274.2,8037.0,Eagle
1994,30.84,36.84,40.25,2432.0,8037.0,Eagle
1995,30.9,37.8,42.575,2589.8,8037.0,Eagle
1996,30.96,38.760000000000005,44.9,2747.6000000000004,8037.0,Eagle
1997,31.02,39.72,44.825,2905.4,8037.0,Eagle
1998,31.08,40.68,44.75,3063.2,8037.0,Eagle
1999,31.14,41.64,44.675,3221.0,8037.0,Eagle
2000,31.2,42.6,44.6,3409.625,8037.0,Eagle
2001,31.48,43.22857142857143,46.6,3598.25,8037.0,Eagle
2002,31.759999999999998,43.85714285714286,48.6,3786.875,8037.0,Eagle
2003,32.04,44.48571428571429,50.6,3975.5,8037.0,Eagle
2004,32.32,45.114285714285714,52.6,4164.125,8037.0,Eagle
2005,32.6,45.74285714285714,54.675,4352.75,8037.0,Eagle
2006,32.88,46.371428571428574,56.75,4541.375,8037.0,Eagle
2007,33.16,47.0,58.825,4730.0,8037.0,Eagle
2008,33.44,47.628571428571426,60.9,4918.625,8037.0,Eagle
2009,33.72,48.25714285714285,62.975,5107.25,8037.0,Eagle
2010,34.0,48.88571428571428,65.05,5295.875,8037.0,Eagle
1989,,,,654.0,8039.0,Elbert
1990,33.8,19.8,,667.7,8039.0,Elbert
1991,34.14,20.48,,681.4,8039.0,Elbert
1992,34.48,21.16,24.5,695.1,8039.0,Elbert
1993,34.82,21.84,25.375,708.8,8039.0,Elbert
1994,35.16,22.52,26.25,722.5,8039.0,Elbert
1995,35.5,23.200000000000003,27.125,736.2,8039.0,Elbert
1996,35.84,23.880000000000003,28.0,749.9,8039.0,Elbert
1997,36.18,24.560000000000002,27.475,763.6,8039.0,Elbert
1998,36.52,25.240000000000002,26.95,777.3,8039.0,Elbert
1999,36.86,25.92,26.424999999999997,791.0,8039.0,Elbert
2000,37.2,26.6,25.9,812.125,8039.0,Elbert
2001,37.86,26.72857142857143,25.65,833.25,8039.0,Elbert
2002,38.52,26.857142857142858,25.4,854.375,8039.0,Elbert
2003,39.18,26.985714285714288,25.15,875.5,8039.0,Elbert
2004,39.84,27.114285714285714,24.9,896.625,8039.0,Elbert
2005,40.5,27.242857142857144,25.9,917.75,8039.0,Elbert
2006,41.16,27.37142857142857,26.9,938.875,8039.0,Elbert
2007,41.82,27.5,27.9,960.0,8039.0,Elbert
2008,42.48,27.62857142857143,28.9,981.125,8039.0,Elbert
2009,43.14,27.75714285714286,29.9,1002.25,8039.0,Elbert
2010,43.8,27.88571428571429,30.9,1023.375,8039.0,Elbert
1989,,,,39519.0,8041.0,El Paso
1990,30.2,25.8,,39598.9,8041.0,El Paso
1991,30.48,26.400000000000002,,39678.8,8041.0,El Paso
1992,30.759999999999998,27.0,27.4,39758.7,8041.0,El Paso
1993,31.04,27.6,28.6,39838.6,8041.0,El Paso
1994,31.32,28.2,29.8,39918.5,8041.0,El Paso
1995,31.6,28.8,31.0,39998.4,8041.0,El Paso
1996,31.88,29.4,32.2,40078.3,8041.0,El Paso
1997,32.16,30.0,31.85,40158.2,8041.0,El Paso
1998,32.44,30.6,31.5,40238.1,8041.0,El Paso
1999,32.72,31.2,31.150000000000002,40318.0,8041.0,El Paso
2000,33.0,31.8,30.8,42720.5,8041.0,El Paso
2001,33.11,32.24285714285714,31.125,45123.0,8041.0,El Paso
2002,33.22,32.68571428571428,31.450000000000003,47525.5,8041.0,El Paso
2003,33.33,33.128571428571426,31.775000000000002,49928.0,8041.0,El Paso
2004,33.44,33.57142857142857,32.1,52330.5,8041.0,El Paso
2005,33.55,34.01428571428571,34.05,54733.0,8041.0,El Paso
2006,33.660000000000004,34.457142857142856,36.0,57135.5,8041.0,El Paso
2007,33.77,34.9,37.95,59538.0,8041.0,El Paso
2008,33.88,35.34285714285714,39.9,61940.5,8041.0,El Paso
2009,33.99,35.785714285714285,41.85,64343.0,8041.0,El Paso
2010,34.1,36.22857142857143,43.800000000000004,66745.5,8041.0,El Paso
1989,,,,4577.0,8043.0,Fremont
1990,37.7,11.8,,4550.7,8043.0,Fremont
1991,37.81,11.97,,4524.4,8043.0,Fremont
1992,37.92,12.14,35.4,4498.1,8043.0,Fremont
1993,38.03,12.31,35.75,4471.8,8043.0,Fremont
1994,38.14,12.48,36.099999999999994,4445.5,8043.0,Fremont
1995,38.25,12.65,36.449999999999996,4419.2,8043.0,Fremont
1996,38.36,12.82,36.8,4392.9,8043.0,Fremont
1997,38.47,12.99,35.849999999999994,4366.6,8043.0,Fremont
1998,38.58,13.16,34.9,4340.3,8043.0,Fremont
1999,38.69,13.33,33.95,4314.0,8043.0,Fremont
2000,38.8,13.5,33.0,4482.125,8043.0,Fremont
2001,39.28,13.942857142857143,32.75,4650.25,8043.0,Fremont
2002,39.76,14.385714285714286,32.5,4818.375,8043.0,Fremont
2003,40.239999999999995,14.82857142857143,32.25,4986.5,8043.0,Fremont
2004,40.72,15.271428571428572,32.0,5154.625,8043.0,Fremont
2005,41.2,15.714285714285715,32.6,5322.75,8043.0,Fremont
2006,41.68,16.15714285714286,33.2,5490.875,8043.0,Fremont
2007,42.16,16.6,33.8,5659.0,8043.0,Fremont
2008,42.64,17.042857142857144,34.4,5827.125,8043.0,Fremont
2009,43.120000000000005,17.485714285714288,35.0,5995.25,8043.0,Fremont
2010,43.6,17.92857142857143,35.6,6163.375,8043.0,Fremont
1989,,,,2720.0,8045.0,Garfield
1990,32.8,21.6,,2768.6,8045.0,Garfield
1991,32.94,21.82,,2817.2,8045.0,Garfield
1992,33.08,22.040000000000003,36.4,2865.8,8045.0,Garfield
1993,33.22,22.26,37.425,2914.4,8045.0,Garfield
1994,33.36,22.48,38.45,2963.0,8045.0,Garfield
1995,33.5,22.700000000000003,39.475,3011.6,8045.0,Garfield
1996,33.64,22.92,40.5,3060.2,8045.0,Garfield
1997,33.78,23.14,39.275,3108.8,8045.0,Garfield
1998,33.92,23.36,38.05,3157.4,8045.0,Garfield
1999,34.06,23.580000000000002,36.825,3206.0,8045.0,Garfield
2000,34.2,23.8,35.6,3331.0,8045.0,Garfield
2001,34.230000000000004,23.97142857142857,37.875,3456.0,8045.0,Garfield
2002,34.260000000000005,24.142857142857142,40.150000000000006,3581.0,8045.0,Garfield
2003,34.29,24.314285714285713,42.425000000000004,3706.0,8045.0,Garfield
2004,34.32,24.485714285714288,44.7,3831.0,8045.0,Garfield
2005,34.35,24.65714285714286,45.825,3956.0,8045.0,Garfield
2006,34.38,24.82857142857143,46.95,4081.0,8045.0,Garfield
2007,34.410000000000004,25.0,48.075,4206.0,8045.0,Garfield
2008,34.44,25.17142857142857,49.2,4331.0,8045.0,Garfield
2009,34.47,25.34285714285714,50.325,4456.0,8045.0,Garfield
2010,34.5,25.514285714285712,51.45,4581.0,8045.0,Garfield
1989,,,,321.0,8047.0,Gilpin
1990,36.1,29.5,,308.0,8047.0,Gilpin
1991,36.32,29.67,,295.0,8047.0,Gilpin
1992,36.54,29.84,41.3,282.0,8047.0,Gilpin
1993,36.76,30.009999999999998,42.15,269.0,8047.0,Gilpin
1994,36.98,30.18,43.0,256.0,8047.0,Gilpin
1995,37.2,30.35,43.85,243.0,8047.0,Gilpin
1996,37.42,30.52,44.7,230.0,8047.0,Gilpin
1997,37.64,30.689999999999998,44.675000000000004,217.0,8047.0,Gilpin
1998,37.86,30.86,44.650000000000006,204.0,8047.0,Gilpin
1999,38.08,31.03,44.625,191.0,8047.0,Gilpin
2000,38.3,31.2,44.6,224.0,8047.0,Gilpin
2001,39.03,31.957142857142856,47.575,257.0,8047.0,Gilpin
2002,39.76,32.714285714285715,50.55,290.0,8047.0,Gilpin
2003,40.489999999999995,33.47142857142857,53.525,323.0,8047.0,Gilpin
2004,41.22,34.22857142857143,56.5,356.0,8047.0,Gilpin
2005,41.95,34.98571428571429,57.175,389.0,8047.0,Gilpin
2006,42.68,35.74285714285714,57.85,422.0,8047.0,Gilpin
2007,43.41,36.5,58.525000000000006,455.0,8047.0,Gilpin
2008,44.14,37.25714285714286,59.2,488.0,8047.0,Gilpin
2009,44.870000000000005,38.01428571428572,59.87500000000001,521.0,8047.0,Gilpin
2010,45.6,38.77142857142858,60.55000000000001,554.0,8047.0,Gilpin
1989,,,,735.0,8049.0,Grand
1990,33.0,30.2,,751.6,8049.0,Grand
1991,33.39,30.63,,768.2,8049.0,Grand
1992,33.78,31.06,34.1,784.8,8049.0,Grand
1993,34.17,31.49,35.85,801.4,8049.0,Grand
1994,34.56,31.919999999999998,37.6,818.0,8049.0,Grand
1995,34.95,32.35,39.35,834.6,8049.0,Grand
1996,35.339999999999996,32.78,41.1,851.2,8049.0,Grand
1997,35.73,33.21,39.9,867.8,8049.0,Grand
1998,36.12,33.64,38.7,884.4,8049.0,Grand
1999,36.51,34.07,37.5,901.0,8049.0,Grand
2000,36.9,34.5,36.3,925.875,8049.0,Grand
2001,37.33,33.471428571428575,37.875,950.75,8049.0,Grand
2002,37.76,32.44285714285714,39.45,975.625,8049.0,Grand
2003,38.19,31.414285714285715,41.025,1000.5,8049.0,Grand
2004,38.62,30.385714285714286,42.6,1025.375,8049.0,Grand
2005,39.05,29.357142857142858,44.1,1050.25,8049.0,Grand
2006,39.480000000000004,28.32857142857143,45.6,1075.125,8049.0,Grand
2007,39.910000000000004,27.3,47.1,1100.0,8049.0,Grand
2008,40.34,26.271428571428572,48.6,1124.875,8049.0,Grand
2009,40.77,25.242857142857144,50.1,1149.75,8049.0,Grand
2010,41.2,24.214285714285715,51.6,1174.625,8049.0,Grand
1989,,,,1497.0,8051.0,Gunnison
1990,28.2,36.9,,1542.2,8051.0,Gunnison
1991,28.419999999999998,37.57,,1587.4,8051.0,Gunnison
1992,28.64,38.24,41.5,1632.6,8051.0,Gunnison
1993,28.86,38.91,42.8,1677.8,8051.0,Gunnison
1994,29.08,39.58,44.1,1723.0,8051.0,Gunnison
1995,29.299999999999997,40.25,45.400000000000006,1768.2,8051.0,Gunnison
1996,29.52,40.92,46.7,1813.4,8051.0,Gunnison
1997,29.74,41.59,45.6,1858.6,8051.0,Gunnison
1998,29.959999999999997,42.26,44.5,1903.8,8051.0,Gunnison
1999,30.18,42.93,43.4,1949.0,8051.0,Gunnison
2000,30.4,43.6,42.3,1912.125,8051.0,Gunnison
2001,30.79,43.67142857142857,45.925,1875.25,8051.0,Gunnison
2002,31.18,43.74285714285715,49.55,1838.375,8051.0,Gunnison
2003,31.569999999999997,43.81428571428572,53.175,1801.5,8051.0,Gunnison
2004,31.959999999999997,43.885714285714286,56.8,1764.625,8051.0,Gunnison
2005,32.349999999999994,43.957142857142856,58.25,1727.75,8051.0,Gunnison
2006,32.739999999999995,44.02857142857143,59.7,1690.875,8051.0,Gunnison
2007,33.129999999999995,44.1,61.15,1654.0,8051.0,Gunnison
2008,33.519999999999996,44.17142857142857,62.6,1617.125,8051.0,Gunnison
2009,33.91,44.24285714285714,64.05,1580.25,8051.0,Gunnison
2010,34.3,44.31428571428571,65.5,1543.375,8051.0,Gunnison
1989,,,,65.0,8053.0,Hinsdale
1990,39.2,32.0,,64.2,8053.0,Hinsdale
1991,39.67,32.29,,63.4,8053.0,Hinsdale
1992,40.14,32.58,31.7,62.6,8053.0,Hinsdale
1993,40.61,32.87,32.225,61.8,8053.0,Hinsdale
1994,41.08,33.16,32.75,61.0,8053.0,Hinsdale
1995,41.55,33.45,33.275,60.2,8053.0,Hinsdale
1996,42.02,33.74,33.8,59.4,8053.0,Hinsdale
1997,42.49,34.03,33.65,58.6,8053.0,Hinsdale
1998,42.96,34.32,33.5,57.8,8053.0,Hinsdale
1999,43.43,34.61,33.35,57.0,8053.0,Hinsdale
2000,43.9,34.9,33.2,50.875,8053.0,Hinsdale
2001,44.22,32.87142857142857,34.7,44.75,8053.0,Hinsdale
2002,44.54,30.84285714285714,36.2,38.625,8053.0,Hinsdale
2003,44.86,28.814285714285713,37.7,32.5,8053.0,Hinsdale
2004,45.18,26.785714285714285,39.2,26.375,8053.0,Hinsdale
2005,45.5,24.757142857142856,39.425000000000004,20.25,8053.0,Hinsdale
2006,45.82,22.728571428571428,39.650000000000006,14.125,8053.0,Hinsdale
2007,46.14,20.7,39.875,8.0,8053.0,Hinsdale
2008,46.46,18.67142857142857,40.1,1.875,8053.0,Hinsdale
2009,46.78,16.642857142857142,40.325,-4.25,8053.0,Hinsdale
2010,47.1,14.614285714285714,40.550000000000004,-10.375,8053.0,Hinsdale
1989,,,,1511.0,8055.0,Huerfano
1990,39.6,12.6,,1484.6,8055.0,Huerfano
1991,39.81,12.95,,1458.2,8055.0,Huerfano
1992,40.02,13.3,52.9,1431.8,8055.0,Huerfano
1993,40.230000000000004,13.65,53.025,1405.4,8055.0,Huerfano
1994,40.440000000000005,14.0,53.15,1379.0,8055.0,Huerfano
1995,40.650000000000006,14.350000000000001,53.275,1352.6,8055.0,Huerfano
1996,40.86,14.700000000000001,53.4,1326.2,8055.0,Huerfano
1997,41.07,15.05,51.825,1299.8,8055.0,Huerfano
1998,41.28,15.400000000000002,50.25,1273.4,8055.0,Huerfano
1999,41.49,15.750000000000002,48.675,1247.0,8055.0,Huerfano
2000,41.7,16.1,47.1,1234.75,8055.0,Huerfano
2001,42.71,17.114285714285714,47.55,1222.5,8055.0,Huerfano
2002,43.72,18.12857142857143,48.0,1210.25,8055.0,Huerfano
2003,44.730000000000004,19.142857142857142,48.45,1198.0,8055.0,Huerfano
2004,45.74,20.15714285714286,48.9,1185.75,8055.0,Huerfano
2005,46.75,21.17142857142857,50.325,1173.5,8055.0,Huerfano
2006,47.76,22.185714285714283,51.75,1161.25,8055.0,Huerfano
2007,48.769999999999996,23.2,53.175,1149.0,8055.0,Huerfano
2008,49.78,24.21428571428571,54.6,1136.75,8055.0,Huerfano
2009,50.79,25.228571428571424,56.025,1124.5,8055.0,Huerfano
2010,51.8,26.242857142857137,57.449999999999996,1112.25,8055.0,Huerfano
1989,,,,160.0,8057.0,Jackson
1990,35.5,15.3,,166.0,8057.0,Jackson
1991,36.0,15.76,,172.0,8057.0,Jackson
1992,36.5,16.22,22.4,178.0,8057.0,Jackson
1993,37.0,16.68,23.474999999999998,184.0,8057.0,Jackson
1994,37.5,17.14,24.549999999999997,190.0,8057.0,Jackson
1995,38.0,17.6,25.625,196.0,8057.0,Jackson
1996,38.5,18.06,26.7,202.0,8057.0,Jackson
1997,39.0,18.52,24.7,208.0,8057.0,Jackson
1998,39.5,18.98,22.7,214.0,8057.0,Jackson
1999,40.0,19.439999999999998,20.7,220.0,8057.0,Jackson
2000,40.5,19.9,18.7,216.375,8057.0,Jackson
2001,41.18,20.24285714285714,19.65,212.75,8057.0,Jackson
2002,41.86,20.585714285714285,20.6,209.125,8057.0,Jackson
2003,42.54,20.928571428571427,21.55,205.5,8057.0,Jackson
2004,43.22,21.271428571428572,22.5,201.875,8057.0,Jackson
2005,43.9,21.614285714285714,24.45,198.25,8057.0,Jackson
2006,44.58,21.957142857142856,26.4,194.625,8057.0,Jackson
2007,45.26,22.3,28.35,191.0,8057.0,Jackson
2008,45.94,22.642857142857142,30.3,187.375,8057.0,Jackson
2009,46.62,22.985714285714284,32.25,183.75,8057.0,Jackson
2010,47.3,23.328571428571426,34.2,180.125,8057.0,Jackson
1989,,,,24926.0,8059.0,Jefferson
1990,33.3,30.7,,25115.5,8059.0,Jefferson
1991,33.65,31.28,,25305.0,8059.0,Jefferson
1992,34.0,31.86,36.2,25494.5,8059.0,Jefferson
1993,34.349999999999994,32.44,37.825,25684.0,8059.0,Jefferson
1994,34.699999999999996,33.019999999999996,39.45,25873.5,8059.0,Jefferson
1995,35.05,33.6,41.075,26063.0,8059.0,Jefferson
1996,35.4,34.18,42.7,26252.5,8059.0,Jefferson
1997,35.75,34.76,42.75,26442.0,8059.0,Jefferson
1998,36.099999999999994,35.34,42.8,26631.5,8059.0,Jefferson
1999,36.449999999999996,35.92,42.85,26821.0,8059.0,Jefferson
2000,36.8,36.5,42.9,28563.875,8059.0,Jefferson
2001,37.16,36.77142857142857,43.825,30306.75,8059.0,Jefferson
2002,37.519999999999996,37.042857142857144,44.75,32049.625,8059.0,Jefferson
2003,37.879999999999995,37.31428571428572,45.675,33792.5,8059.0,Jefferson
2004,38.239999999999995,37.58571428571428,46.6,35535.375,8059.0,Jefferson
2005,38.599999999999994,37.857142857142854,48.35,37278.25,8059.0,Jefferson
2006,38.96,38.128571428571426,50.1,39021.125,8059.0,Jefferson
2007,39.32,38.4,51.85,40764.0,8059.0,Jefferson
2008,39.68,38.67142857142857,53.6,42506.875,8059.0,Jefferson
2009,40.04,38.94285714285714,55.35,44249.75,8059.0,Jefferson
2010,40.4,39.214285714285715,57.1,45992.625,8059.0,Jefferson
1989,,,,228.0,8061.0,Kiowa
1990,37.0,9.1,,224.7,8061.0,Kiowa
1991,37.27,9.8,,221.4,8061.0,Kiowa
1992,37.54,10.5,28.2,218.1,8061.0,Kiowa
1993,37.81,11.2,28.1,214.8,8061.0,Kiowa
1994,38.08,11.9,28.0,211.5,8061.0,Kiowa
1995,38.35,12.600000000000001,27.9,208.2,8061.0,Kiowa
1996,38.620000000000005,13.3,27.8,204.9,8061.0,Kiowa
1997,38.89,14.0,26.3,201.6,8061.0,Kiowa
1998,39.160000000000004,14.700000000000001,24.8,198.3,8061.0,Kiowa
1999,39.43,15.400000000000002,23.3,195.0,8061.0,Kiowa
2000,39.7,16.1,21.8,189.125,8061.0,Kiowa
2001,40.47,16.642857142857142,21.175,183.25,8061.0,Kiowa
2002,41.24,17.185714285714287,20.55,177.375,8061.0,Kiowa
2003,42.010000000000005,17.728571428571428,19.925,171.5,8061.0,Kiowa
2004,42.78,18.271428571428572,19.3,165.625,8061.0,Kiowa
2005,43.55,18.814285714285713,19.7,159.75,8061.0,Kiowa
2006,44.32,19.357142857142858,20.1,153.875,8061.0,Kiowa
2007,45.09,19.9,20.5,148.0,8061.0,Kiowa
2008,45.86,20.44285714285714,20.9,142.125,8061.0,Kiowa
2009,46.629999999999995,20.98571428571428,21.299999999999997,136.25,8061.0,Kiowa
2010,47.4,21.52857142857142,21.699999999999996,130.375,8061.0,Kiowa
1989,,,,1076.0,8063.0,Kit Carson
1990,34.9,15.8,,1058.9,8063.0,Kit Carson
1991,35.15,15.760000000000002,,1041.8,8063.0,Kit Carson
1992,35.4,15.72,25.3,1024.7,8063.0,Kit Carson
1993,35.65,15.68,26.8,1007.6,8063.0,Kit Carson
1994,35.9,15.64,28.3,990.5,8063.0,Kit Carson
1995,36.15,15.600000000000001,29.8,973.4,8063.0,Kit Carson
1996,36.4,15.56,31.3,956.3,8063.0,Kit Carson
1997,36.65,15.52,29.325,939.2,8063.0,Kit Carson
1998,36.9,15.48,27.35,922.1,8063.0,Kit Carson
1999,37.15,15.440000000000001,25.375,905.0,8063.0,Kit Carson
2000,37.4,15.4,23.4,915.5,8063.0,Kit Carson
2001,37.629999999999995,15.085714285714285,22.75,926.0,8063.0,Kit Carson
2002,37.86,14.771428571428572,22.1,936.5,8063.0,Kit Carson
2003,38.09,14.457142857142857,21.45,947.0,8063.0,Kit Carson
2004,38.32,14.142857142857142,20.8,957.5,8063.0,Kit Carson
2005,38.55,13.828571428571427,22.225,968.0,8063.0,Kit Carson
2006,38.78,13.514285714285714,23.65,978.5,8063.0,Kit Carson
2007,39.010000000000005,13.2,25.075,989.0,8063.0,Kit Carson
2008,39.24,12.885714285714284,26.5,999.5,8063.0,Kit Carson
2009,39.47,12.57142857142857,27.925,1010.0,8063.0,Kit Carson
2010,39.7,12.257142857142854,29.35,1020.5,8063.0,Kit Carson
1989,,,,737.0,8065.0,Lake
1990,31.2,16.2,,762.4,8065.0,Lake
1991,31.13,16.53,,787.8,8065.0,Lake
1992,31.06,16.86,48.8,813.2,8065.0,Lake
1993,30.99,17.189999999999998,50.25,838.6,8065.0,Lake
1994,30.919999999999998,17.52,51.7,864.0,8065.0,Lake
1995,30.85,17.85,53.15,889.4,8065.0,Lake
1996,30.78,18.18,54.6,914.8,8065.0,Lake
1997,30.71,18.509999999999998,53.275,940.2,8065.0,Lake
1998,30.64,18.84,51.95,965.6,8065.0,Lake
1999,30.57,19.17,50.625,991.0,8065.0,Lake
2000,30.5,19.5,49.3,1106.625,8065.0,Lake
2001,30.95,19.571428571428573,50.724999999999994,1222.25,8065.0,Lake
2002,31.4,19.642857142857142,52.15,1337.875,8065.0,Lake
2003,31.85,19.714285714285715,53.575,1453.5,8065.0,Lake
2004,32.3,19.785714285714285,55.0,1569.125,8065.0,Lake
2005,32.75,19.857142857142858,56.725,1684.75,8065.0,Lake
2006,33.2,19.928571428571427,58.45,1800.375,8065.0,Lake
2007,33.65,20.0,60.175,1916.0,8065.0,Lake
2008,34.1,20.071428571428573,61.9,2031.625,8065.0,Lake
2009,34.55,20.142857142857146,63.625,2147.25,8065.0,Lake
2010,35.0,20.21428571428572,65.35,2262.875,8065.0,Lake
1989,,,,4804.0,8067.0,La Plata
1990,31.9,28.1,,4817.7,8067.0,La Plata
1991,32.269999999999996,28.93,,4831.4,8067.0,La Plata
1992,32.64,29.76,37.9,4845.1,8067.0,La Plata
1993,33.01,30.59,37.825,4858.8,8067.0,La Plata
1994,33.38,31.42,37.75,4872.5,8067.0,La Plata
1995,33.75,32.25,37.675,4886.2,8067.0,La Plata
1996,34.12,33.08,37.6,4899.9,8067.0,La Plata
1997,34.49,33.91,37.8,4913.6,8067.0,La Plata
1998,34.86,34.74,38.0,4927.3,8067.0,La Plata
1999,35.230000000000004,35.57,38.2,4941.0,8067.0,La Plata
2000,35.6,36.4,38.4,4954.5,8067.0,La Plata
2001,35.88,37.14285714285714,41.95,4968.0,8067.0,La Plata
2002,36.160000000000004,37.885714285714286,45.5,4981.5,8067.0,La Plata
2003,36.44,38.628571428571426,49.05,4995.0,8067.0,La Plata
2004,36.72,39.371428571428574,52.6,5008.5,8067.0,La Plata
2005,37.0,40.114285714285714,53.8,5022.0,8067.0,La Plata
2006,37.28,40.85714285714286,55.0,5035.5,8067.0,La Plata
2007,37.56,41.6,56.2,5049.0,8067.0,La Plata
2008,37.839999999999996,42.34285714285714,57.4,5062.5,8067.0,La Plata
2009,38.12,43.08571428571428,58.6,5076.0,8067.0,La Plata
2010,38.4,43.82857142857142,59.800000000000004,5089.5,8067.0,La Plata
1989,,,,21466.0,8069.0,Larimer
1990,31.1,32.3,,21579.4,8069.0,Larimer
1991,31.310000000000002,33.019999999999996,,21692.8,8069.0,Larimer
1992,31.520000000000003,33.739999999999995,38.4,21806.2,8069.0,Larimer
1993,31.73,34.46,39.3,21919.6,8069.0,Larimer
1994,31.94,35.18,40.2,22033.0,8069.0,Larimer
1995,32.150000000000006,35.9,41.1,22146.4,8069.0,Larimer
1996,32.36,36.62,42.0,22259.8,8069.0,Larimer
1997,32.57,37.339999999999996,41.225,22373.2,8069.0,Larimer
1998,32.78,38.06,40.45,22486.6,8069.0,Larimer
1999,32.99,38.78,39.675,22600.0,8069.0,Larimer
2000,33.2,39.5,38.9,24584.25,8069.0,Larimer
2001,33.43,39.77142857142857,40.825,26568.5,8069.0,Larimer
2002,33.660000000000004,40.042857142857144,42.75,28552.75,8069.0,Larimer
2003,33.89,40.31428571428572,44.675,30537.0,8069.0,Larimer
2004,34.120000000000005,40.58571428571428,46.6,32521.25,8069.0,Larimer
2005,34.35,40.857142857142854,48.45,34505.5,8069.0,Larimer
2006,34.58,41.128571428571426,50.3,36489.75,8069.0,Larimer
2007,34.81,41.4,52.15,38474.0,8069.0,Larimer
2008,35.04,41.67142857142857,54.0,40458.25,8069.0,Larimer
2009,35.27,41.94285714285714,55.85,42442.5,8069.0,Larimer
2010,35.5,42.214285714285715,57.7,44426.75,8069.0,Larimer
1989,,,,3498.0,8071.0,Las Animas
1990,37.7,12.7,,3405.5,8071.0,Las Animas
1991,38.02,13.049999999999999,,3313.0,8071.0,Las Animas
1992,38.34,13.399999999999999,58.6,3220.5,8071.0,Las Animas
1993,38.660000000000004,13.75,58.9,3128.0,8071.0,Las Animas
1994,38.980000000000004,14.1,59.2,3035.5,8071.0,Las Animas
1995,39.3,14.45,59.5,2943.0,8071.0,Las Animas
1996,39.62,14.799999999999999,59.8,2850.5,8071.0,Las Animas
1997,39.94,15.149999999999999,58.15,2758.0,8071.0,Las Animas
1998,40.26,15.5,56.5,2665.5,8071.0,Las Animas
1999,40.58,15.85,54.85,2573.0,8071.0,Las Animas
2000,40.9,16.2,53.2,2563.625,8071.0,Las Animas
2001,41.199999999999996,16.585714285714285,52.425000000000004,2554.25,8071.0,Las Animas
2002,41.5,16.97142857142857,51.650000000000006,2544.875,8071.0,Las Animas
2003,41.8,17.357142857142858,50.875,2535.5,8071.0,Las Animas
2004,42.1,17.74285714285714,50.1,2526.125,8071.0,Las Animas
2005,42.4,18.128571428571426,50.75,2516.75,8071.0,Las Animas
2006,42.699999999999996,18.514285714285712,51.400000000000006,2507.375,8071.0,Las Animas
2007,43.0,18.9,52.050000000000004,2498.0,8071.0,Las Animas
2008,43.3,19.285714285714285,52.7,2488.625,8071.0,Las Animas
2009,43.6,19.67142857142857,53.35,2479.25,8071.0,Las Animas
2010,43.9,20.057142857142857,54.0,2469.875,8071.0,Las Animas
1989,,,,789.0,8073.0,Lincoln
1990,36.9,12.9,,769.1,8073.0,Lincoln
1991,36.989999999999995,12.93,,749.2,8073.0,Lincoln
1992,37.08,12.96,27.8,729.3,8073.0,Lincoln
1993,37.17,12.99,29.125,709.4,8073.0,Lincoln
1994,37.26,13.02,30.450000000000003,689.5,8073.0,Lincoln
1995,37.349999999999994,13.05,31.775000000000002,669.6,8073.0,Lincoln
1996,37.44,13.08,33.1,649.7,8073.0,Lincoln
1997,37.53,13.11,30.625,629.8,8073.0,Lincoln
1998,37.62,13.139999999999999,28.15,609.9,8073.0,Lincoln
1999,37.709999999999994,13.17,25.675,590.0,8073.0,Lincoln
2000,37.8,13.2,23.2,611.875,8073.0,Lincoln
2001,38.11,13.585714285714285,22.775,633.75,8073.0,Lincoln
2002,38.419999999999995,13.971428571428572,22.35,655.625,8073.0,Lincoln
2003,38.73,14.357142857142858,21.925,677.5,8073.0,Lincoln
2004,39.04,14.742857142857142,21.5,699.375,8073.0,Lincoln
2005,39.349999999999994,15.128571428571428,22.05,721.25,8073.0,Lincoln
2006,39.66,15.514285714285714,22.6,743.125,8073.0,Lincoln
2007,39.97,15.9,23.15,765.0,8073.0,Lincoln
2008,40.28,16.285714285714285,23.7,786.875,8073.0,Lincoln
2009,40.589999999999996,16.67142857142857,24.25,808.75,8073.0,Lincoln
2010,40.9,17.057142857142857,24.8,830.625,8073.0,Lincoln
1989,,,,2555.0,8075.0,Logan
1990,34.7,14.2,,2524.8,8075.0,Logan
1991,34.88,14.239999999999998,,2494.6,8075.0,Logan
1992,35.06,14.28,32.6,2464.4,8075.0,Logan
1993,35.24,14.32,33.55,2434.2,8075.0,Logan
1994,35.42,14.36,34.5,2404.0,8075.0,Logan
1995,35.6,14.399999999999999,35.45,2373.8,8075.0,Logan
1996,35.78,14.44,36.4,2343.6,8075.0,Logan
1997,35.96,14.48,34.4,2313.4,8075.0,Logan
1998,36.14,14.52,32.4,2283.2,8075.0,Logan
1999,36.32,14.559999999999999,30.4,2253.0,8075.0,Logan
2000,36.5,14.6,28.4,2280.25,8075.0,Logan
2001,36.69,15.042857142857143,28.4,2307.5,8075.0,Logan
2002,36.88,15.485714285714286,28.4,2334.75,8075.0,Logan
2003,37.07,15.928571428571427,28.4,2362.0,8075.0,Logan
2004,37.26,16.37142857142857,28.4,2389.25,8075.0,Logan
2005,37.45,16.814285714285713,29.224999999999998,2416.5,8075.0,Logan
2006,37.64,17.257142857142856,30.049999999999997,2443.75,8075.0,Logan
2007,37.83,17.7,30.875,2471.0,8075.0,Logan
2008,38.019999999999996,18.142857142857142,31.7,2498.25,8075.0,Logan
2009,38.21,18.585714285714285,32.525,2525.5,8075.0,Logan
2010,38.4,19.02857142857143,33.35,2552.75,8075.0,Logan
1989,,,,13792.0,8077.0,Mesa
1990,34.7,17.4,,13577.9,8077.0,Mesa
1991,35.040000000000006,17.86,,13363.8,8077.0,Mesa
1992,35.38,18.32,34.4,13149.7,8077.0,Mesa
1993,35.72,18.779999999999998,34.975,12935.6,8077.0,Mesa
1994,36.06,19.24,35.55,12721.5,8077.0,Mesa
1995,36.400000000000006,19.7,36.125,12507.4,8077.0,Mesa
1996,36.74,20.16,36.7,12293.3,8077.0,Mesa
1997,37.08,20.62,35.1,12079.2,8077.0,Mesa
1998,37.42,21.08,33.5,11865.1,8077.0,Mesa
1999,37.760000000000005,21.54,31.900000000000002,11651.0,8077.0,Mesa
2000,38.1,22.0,30.3,12274.375,8077.0,Mesa
2001,38.1,22.385714285714286,30.625,12897.75,8077.0,Mesa
2002,38.1,22.771428571428572,30.950000000000003,13521.125,8077.0,Mesa
2003,38.1,23.15714285714286,31.275000000000002,14144.5,8077.0,Mesa
2004,38.1,23.54285714285714,31.6,14767.875,8077.0,Mesa
2005,38.1,23.928571428571427,32.325,15391.25,8077.0,Mesa
2006,38.1,24.314285714285713,33.05,16014.625,8077.0,Mesa
2007,38.1,24.7,33.775,16638.0,8077.0,Mesa
2008,38.1,25.085714285714285,34.5,17261.375,8077.0,Mesa
2009,38.1,25.47142857142857,35.225,17884.75,8077.0,Mesa
2010,38.1,25.857142857142858,35.95,18508.125,8077.0,Mesa
1989,,,,73.0,8079.0,Mineral
1990,37.5,17.9,,74.2,8079.0,Mineral
1991,38.25,19.229999999999997,,75.4,8079.0,Mineral
1992,39.0,20.56,38.1,76.6,8079.0,Mineral
1993,39.75,21.89,39.325,77.8,8079.0,Mineral
1994,40.5,23.22,40.55,79.0,8079.0,Mineral
1995,41.25,24.549999999999997,41.775,80.2,8079.0,Mineral
1996,42.0,25.88,43.0,81.4,8079.0,Mineral
1997,42.75,27.21,40.9,82.6,8079.0,Mineral
1998,43.5,28.54,38.8,83.8,8079.0,Mineral
1999,44.25,29.869999999999997,36.7,85.0,8079.0,Mineral
2000,45.0,31.2,34.6,79.375,8079.0,Mineral
2001,45.81,31.52857142857143,35.125,73.75,8079.0,Mineral
2002,46.62,31.857142857142858,35.650000000000006,68.125,8079.0,Mineral
2003,47.43,32.18571428571428,36.175000000000004,62.5,8079.0,Mineral
2004,48.24,32.51428571428571,36.7,56.875,8079.0,Mineral
2005,49.05,32.84285714285714,38.35,51.25,8079.0,Mineral
2006,49.86,33.17142857142857,40.0,45.625,8079.0,Mineral
2007,50.67,33.5,41.65,40.0,8079.0,Mineral
2008,51.480000000000004,33.82857142857143,43.3,34.375,8079.0,Mineral
2009,52.29,34.15714285714286,44.949999999999996,28.75,8079.0,Mineral
2010,53.1,34.48571428571429,46.599999999999994,23.125,8079.0,Mineral
1989,,,,1236.0,8081.0,Moffat
1990,31.8,16.4,,1221.0,8081.0,Moffat
1991,32.160000000000004,16.009999999999998,,1206.0,8081.0,Moffat
1992,32.52,15.62,27.2,1191.0,8081.0,Moffat
1993,32.88,15.229999999999999,28.849999999999998,1176.0,8081.0,Moffat
1994,33.24,14.84,30.5,1161.0,8081.0,Moffat
1995,33.6,14.45,32.15,1146.0,8081.0,Moffat
1996,33.96,14.059999999999999,33.8,1131.0,8081.0,Moffat
1997,34.32,13.67,31.074999999999996,1116.0,8081.0,Moffat
1998,34.68,13.28,28.349999999999998,1101.0,8081.0,Moffat
1999,35.04,12.89,25.625,1086.0,8081.0,Moffat
2000,35.4,12.5,22.9,1164.375,8081.0,Moffat
2001,35.44,12.814285714285715,23.099999999999998,1242.75,8081.0,Moffat
2002,35.48,13.128571428571428,23.299999999999997,1321.125,8081.0,Moffat
2003,35.519999999999996,13.442857142857143,23.5,1399.5,8081.0,Moffat
2004,35.559999999999995,13.757142857142856,23.7,1477.875,8081.0,Moffat
2005,35.599999999999994,14.071428571428571,24.5,1556.25,8081.0,Moffat
2006,35.64,14.385714285714284,25.299999999999997,1634.625,8081.0,Moffat
2007,35.68,14.7,26.099999999999998,1713.0,8081.0,Moffat
2008,35.72,15.014285714285714,26.9,1791.375,8081.0,Moffat
2009,35.76,15.32857142857143,27.7,1869.75,8081.0,Moffat
2010,35.8,15.642857142857144,28.5,1948.125,8081.0,Moffat
1989,,,,3735.0,8083.0,Montezuma
1990,33.3,15.9,,3745.1,8083.0,Montezuma
1991,33.769999999999996,16.41,,3755.2,8083.0,Montezuma
1992,34.239999999999995,16.92,29.7,3765.3,8083.0,Montezuma
1993,34.71,17.43,30.5,3775.4,8083.0,Montezuma
1994,35.18,17.94,31.299999999999997,3785.5,8083.0,Montezuma
1995,35.65,18.45,32.1,3795.6,8083.0,Montezuma
1996,36.12,18.96,32.9,3805.7,8083.0,Montezuma
1997,36.589999999999996,19.47,31.474999999999998,3815.8,8083.0,Montezuma
1998,37.06,19.98,30.049999999999997,3825.9,8083.0,Montezuma
1999,37.53,20.490000000000002,28.625,3836.0,8083.0,Montezuma
2000,38.0,21.0,27.2,3882.625,8083.0,Montezuma
2001,38.49,21.485714285714284,29.175,3929.25,8083.0,Montezuma
2002,38.98,21.97142857142857,31.15,3975.875,8083.0,Montezuma
2003,39.47,22.457142857142856,33.125,4022.5,8083.0,Montezuma
2004,39.96,22.942857142857143,35.1,4069.125,8083.0,Montezuma
2005,40.45,23.428571428571427,36.175,4115.75,8083.0,Montezuma
2006,40.94,23.91428571428571,37.25,4162.375,8083.0,Montezuma
2007,41.43,24.4,38.325,4209.0,8083.0,Montezuma
2008,41.92,24.885714285714283,39.4,4255.625,8083.0,Montezuma
2009,42.41,25.371428571428567,40.475,4302.25,8083.0,Montezuma
2010,42.9,25.85714285714285,41.550000000000004,4348.875,8083.0,Montezuma
1989,,,,3412.0,8085.0,Montrose
1990,37.1,15.4,,3486.8,8085.0,Montrose
1991,37.27,15.73,,3561.6,8085.0,Montrose
1992,37.44,16.06,31.7,3636.4,8085.0,Montrose
1993,37.61,16.39,31.974999999999998,3711.2,8085.0,Montrose
1994,37.78,16.72,32.25,3786.0,8085.0,Montrose
1995,37.95,17.05,32.525,3860.8,8085.0,Montrose
1996,38.12,17.38,32.8,3935.6,8085.0,Montrose
1997,38.29,17.71,31.699999999999996,4010.4,8085.0,Montrose
1998,38.46,18.04,30.599999999999998,4085.2,8085.0,Montrose
1999,38.629999999999995,18.37,29.5,4160.0,8085.0,Montrose
2000,38.8,18.7,28.4,4188.5,8085.0,Montrose
2001,39.12,18.928571428571427,28.65,4217.0,8085.0,Montrose
2002,39.44,19.15714285714286,28.9,4245.5,8085.0,Montrose
2003,39.76,19.385714285714286,29.15,4274.0,8085.0,Montrose
2004,40.08,19.614285714285714,29.4,4302.5,8085.0,Montrose
2005,40.4,19.84285714285714,30.525,4331.0,8085.0,Montrose
2006,40.72,20.071428571428573,31.65,4359.5,8085.0,Montrose
2007,41.04,20.3,32.775,4388.0,8085.0,Montrose
2008,41.36,20.52857142857143,33.9,4416.5,8085.0,Montrose
2009,41.68,20.757142857142856,35.025,4445.0,8085.0,Montrose
2010,42.0,20.985714285714284,36.15,4473.5,8085.0,Montrose
1989,,,,3414.0,8087.0,Morgan
1990,33.1,11.7,,3400.7,8087.0,Morgan
1991,33.14,11.879999999999999,,3387.4,8087.0,Morgan
1992,33.18,12.059999999999999,33.4,3374.1,8087.0,Morgan
1993,33.22,12.24,34.65,3360.8,8087.0,Morgan
1994,33.26,12.42,35.9,3347.5,8087.0,Morgan
1995,33.3,12.6,37.15,3334.2,8087.0,Morgan
1996,33.34,12.78,38.4,3320.9,8087.0,Morgan
1997,33.38,12.959999999999999,36.825,3307.6,8087.0,Morgan
1998,33.42,13.14,35.25,3294.3,8087.0,Morgan
1999,33.46,13.32,33.675,3281.0,8087.0,Morgan
2000,33.5,13.5,32.1,3329.25,8087.0,Morgan
2001,33.75,13.628571428571428,31.725,3377.5,8087.0,Morgan
2002,34.0,13.757142857142858,31.35,3425.75,8087.0,Morgan
2003,34.25,13.885714285714286,30.975,3474.0,8087.0,Morgan
2004,34.5,14.014285714285714,30.6,3522.25,8087.0,Morgan
2005,34.75,14.142857142857142,32.275,3570.5,8087.0,Morgan
2006,35.0,14.271428571428572,33.95,3618.75,8087.0,Morgan
2007,35.25,14.4,35.625,3667.0,8087.0,Morgan
2008,35.5,14.528571428571428,37.3,3715.25,8087.0,Morgan
2009,35.75,14.657142857142857,38.974999999999994,3763.5,8087.0,Morgan
2010,36.0,14.785714285714285,40.64999999999999,3811.75,8087.0,Morgan
1989,,,,4698.0,8089.0,Otero
1990,34.9,13.0,,4599.5,8089.0,Otero
1991,35.18,13.24,,4501.0,8089.0,Otero
1992,35.46,13.48,41.9,4402.5,8089.0,Otero
1993,35.74,13.72,42.8,4304.0,8089.0,Otero
1994,36.02,13.96,43.7,4205.5,8089.0,Otero
1995,36.3,14.2,44.6,4107.0,8089.0,Otero
1996,36.58,14.440000000000001,45.5,4008.5,8089.0,Otero
1997,36.86,14.68,44.25,3910.0,8089.0,Otero
1998,37.14,14.92,43.0,3811.5,8089.0,Otero
1999,37.42,15.16,41.75,3713.0,8089.0,Otero
2000,37.7,15.4,40.5,3756.75,8089.0,Otero
2001,38.02,15.5,40.05,3800.5,8089.0,Otero
2002,38.34,15.600000000000001,39.6,3844.25,8089.0,Otero
2003,38.660000000000004,15.700000000000001,39.150000000000006,3888.0,8089.0,Otero
2004,38.980000000000004,15.8,38.7,3931.75,8089.0,Otero
2005,39.3,15.9,40.025000000000006,3975.5,8089.0,Otero
2006,39.62,16.0,41.35,4019.25,8089.0,Otero
2007,39.94,16.1,42.675,4063.0,8089.0,Otero
2008,40.26,16.200000000000003,44.0,4106.75,8089.0,Otero
2009,40.58,16.300000000000004,45.324999999999996,4150.5,8089.0,Otero
2010,40.9,16.400000000000006,46.64999999999999,4194.25,8089.0,Otero
1989,,,,220.0,8091.0,Ouray
1990,40.1,27.9,,224.9,8091.0,Ouray
1991,40.43,28.79,,229.8,8091.0,Ouray
1992,40.76,29.68,29.1,234.7,8091.0,Ouray
1993,41.09,30.57,29.75,239.6,8091.0,Ouray
1994,41.42,31.459999999999997,30.4,244.5,8091.0,Ouray
1995,41.75,32.349999999999994,31.05,249.4,8091.0,Ouray
1996,42.08,33.239999999999995,31.7,254.3,8091.0,Ouray
1997,42.41,34.129999999999995,31.675,259.2,8091.0,Ouray
1998,42.74,35.019999999999996,31.65,264.1,8091.0,Ouray
1999,43.07,35.91,31.625,269.0,8091.0,Ouray
2000,43.4,36.8,31.6,271.25,8091.0,Ouray
2001,44.06,37.24285714285714,35.45,273.5,8091.0,Ouray
2002,44.72,37.68571428571428,39.3,275.75,8091.0,Ouray
2003,45.379999999999995,38.128571428571426,43.15,278.0,8091.0,Ouray
2004,46.04,38.57142857142857,47.0,280.25,8091.0,Ouray
2005,46.7,39.01428571428571,48.625,282.5,8091.0,Ouray
2006,47.36,39.457142857142856,50.25,284.75,8091.0,Ouray
2007,48.019999999999996,39.9,51.875,287.0,8091.0,Ouray
2008,48.68,40.34285714285714,53.5,289.25,8091.0,Ouray
2009,49.34,40.785714285714285,55.125,291.5,8091.0,Ouray
2010,50.0,41.22857142857143,56.75,293.75,8091.0,Ouray
1989,,,,669.0,8093.0,Park
1990,35.6,22.4,,682.4,8093.0,Park
1991,36.04,23.189999999999998,,695.8,8093.0,Park
1992,36.480000000000004,23.98,30.6,709.2,8093.0,Park
1993,36.92,24.77,31.75,722.6,8093.0,Park
1994,37.36,25.56,32.900000000000006,736.0,8093.0,Park
1995,37.8,26.35,34.050000000000004,749.4,8093.0,Park
1996,38.24,27.14,35.2,762.8,8093.0,Park
1997,38.68,27.93,35.375,776.2,8093.0,Park
1998,39.12,28.72,35.55,789.6,8093.0,Park
1999,39.56,29.51,35.725,803.0,8093.0,Park
2000,40.0,30.3,35.9,828.625,8093.0,Park
2001,40.69,30.45714285714286,37.225,854.25,8093.0,Park
2002,41.38,30.614285714285714,38.55,879.875,8093.0,Park
2003,42.07,30.771428571428572,39.875,905.5,8093.0,Park
2004,42.76,30.928571428571427,41.2,931.125,8093.0,Park
2005,43.45,31.085714285714285,42.225,956.75,8093.0,Park
2006,44.14,31.24285714285714,43.25,982.375,8093.0,Park
2007,44.83,31.4,44.275,1008.0,8093.0,Park
2008,45.519999999999996,31.557142857142857,45.3,1033.625,8093.0,Park
2009,46.21,31.714285714285715,46.324999999999996,1059.25,8093.0,Park
2010,46.9,31.871428571428574,47.349999999999994,1084.875,8093.0,Park
1989,,,,579.0,8095.0,Phillips
1990,38.5,14.2,,571.8,8095.0,Phillips
1991,38.63,14.77,,564.6,8095.0,Phillips
1992,38.76,15.34,30.0,557.4,8095.0,Phillips
1993,38.89,15.91,30.575,550.2,8095.0,Phillips
1994,39.019999999999996,16.48,31.15,543.0,8095.0,Phillips
1995,39.15,17.049999999999997,31.724999999999998,535.8,8095.0,Phillips
1996,39.28,17.619999999999997,32.3,528.6,8095.0,Phillips
1997,39.41,18.189999999999998,30.574999999999996,521.4,8095.0,Phillips
1998,39.54,18.759999999999998,28.849999999999998,514.2,8095.0,Phillips
1999,39.669999999999995,19.33,27.125,507.0,8095.0,Phillips
2000,39.8,19.9,25.4,502.875,8095.0,Phillips
2001,40.099999999999994,19.2,25.299999999999997,498.75,8095.0,Phillips
2002,40.4,18.5,25.2,494.625,8095.0,Phillips
2003,40.699999999999996,17.799999999999997,25.1,490.5,8095.0,Phillips
2004,41.0,17.099999999999998,25.0,486.375,8095.0,Phillips
2005,41.3,16.4,25.625,482.25,8095.0,Phillips
2006,41.599999999999994,15.7,26.25,478.125,8095.0,Phillips
2007,41.9,15.0,26.875,474.0,8095.0,Phillips
2008,42.199999999999996,14.3,27.5,469.875,8095.0,Phillips
2009,42.5,13.600000000000001,28.125,465.75,8095.0,Phillips
2010,42.8,12.900000000000002,28.75,461.625,8095.0,Phillips
1989,,,,794.0,8097.0,Pitkin
1990,34.8,49.8,,806.3,8097.0,Pitkin
1991,35.16,50.53,,818.6,8097.0,Pitkin
1992,35.519999999999996,51.26,51.1,830.9,8097.0,Pitkin
1993,35.879999999999995,51.989999999999995,52.45,843.2,8097.0,Pitkin
1994,36.239999999999995,52.72,53.8,855.5,8097.0,Pitkin
1995,36.599999999999994,53.45,55.15,867.8,8097.0,Pitkin
1996,36.96,54.18,56.5,880.1,8097.0,Pitkin
1997,37.32,54.91,55.625,892.4,8097.0,Pitkin
1998,37.68,55.64,54.75,904.7,8097.0,Pitkin
1999,38.04,56.370000000000005,53.875,917.0,8097.0,Pitkin
2000,38.4,57.1,53.0,955.75,8097.0,Pitkin
2001,38.76,57.385714285714286,56.85,994.5,8097.0,Pitkin
2002,39.12,57.67142857142857,60.7,1033.25,8097.0,Pitkin
2003,39.48,57.957142857142856,64.55000000000001,1072.0,8097.0,Pitkin
2004,39.839999999999996,58.24285714285715,68.4,1110.75,8097.0,Pitkin
2005,40.2,58.52857142857143,69.72500000000001,1149.5,8097.0,Pitkin
2006,40.56,58.81428571428572,71.05000000000001,1188.25,8097.0,Pitkin
2007,40.92,59.1,72.375,1227.0,8097.0,Pitkin
2008,41.28,59.385714285714286,73.7,1265.75,8097.0,Pitkin
2009,41.64,59.67142857142857,75.025,1304.5,8097.0,Pitkin
2010,42.0,59.957142857142856,76.35000000000001,1343.25,8097.0,Pitkin
1989,,,,2756.0,8099.0,Prowers
1990,32.0,12.2,,2755.9,8099.0,Prowers
1991,32.04,12.17,,2755.8,8099.0,Prowers
1992,32.08,12.139999999999999,32.9,2755.7,8099.0,Prowers
1993,32.12,12.11,34.05,2755.6,8099.0,Prowers
1994,32.16,12.08,35.2,2755.5,8099.0,Prowers
1995,32.2,12.05,36.35,2755.4,8099.0,Prowers
1996,32.24,12.02,37.5,2755.3,8099.0,Prowers
1997,32.28,11.99,35.65,2755.2,8099.0,Prowers
1998,32.32,11.96,33.8,2755.1,8099.0,Prowers
1999,32.36,11.93,31.950000000000003,2755.0,8099.0,Prowers
2000,32.4,11.9,30.1,2766.25,8099.0,Prowers
2001,32.83,12.628571428571428,29.475,2777.5,8099.0,Prowers
2002,33.26,13.357142857142858,28.85,2788.75,8099.0,Prowers
2003,33.69,14.085714285714285,28.225,2800.0,8099.0,Prowers
2004,34.12,14.814285714285715,27.6,2811.25,8099.0,Prowers
2005,34.55,15.542857142857143,28.75,2822.5,8099.0,Prowers
2006,34.980000000000004,16.271428571428572,29.900000000000002,2833.75,8099.0,Prowers
2007,35.410000000000004,17.0,31.050000000000004,2845.0,8099.0,Prowers
2008,35.84,17.728571428571428,32.2,2856.25,8099.0,Prowers
2009,36.27,18.457142857142856,33.35,2867.5,8099.0,Prowers
2010,36.7,19.185714285714283,34.5,2878.75,8099.0,Prowers
1989,,,,24318.0,8101.0,Pueblo
1990,34.7,14.0,,23931.1,8101.0,Pueblo
1991,34.900000000000006,14.43,,23544.2,8101.0,Pueblo
1992,35.1,14.86,53.6,23157.3,8101.0,Pueblo
1993,35.300000000000004,15.29,54.5,22770.4,8101.0,Pueblo
1994,35.5,15.72,55.400000000000006,22383.5,8101.0,Pueblo
1995,35.7,16.15,56.300000000000004,21996.6,8101.0,Pueblo
1996,35.900000000000006,16.58,57.2,21609.7,8101.0,Pueblo
1997,36.1,17.01,56.275000000000006,21222.8,8101.0,Pueblo
1998,36.300000000000004,17.44,55.35,20835.9,8101.0,Pueblo
1999,36.5,17.87,54.425,20449.0,8101.0,Pueblo
2000,36.7,18.3,53.5,20983.0,8101.0,Pueblo
2001,36.900000000000006,18.685714285714287,53.275,21517.0,8101.0,Pueblo
2002,37.1,19.071428571428573,53.05,22051.0,8101.0,Pueblo
2003,37.300000000000004,19.45714285714286,52.825,22585.0,8101.0,Pueblo
2004,37.5,19.84285714285714,52.6,23119.0,8101.0,Pueblo
2005,37.7,20.228571428571428,53.625,23653.0,8101.0,Pueblo
2006,37.900000000000006,20.614285714285714,54.650000000000006,24187.0,8101.0,Pueblo
2007,38.1,21.0,55.675000000000004,24721.0,8101.0,Pueblo
2008,38.300000000000004,21.385714285714286,56.7,25255.0,8101.0,Pueblo
2009,38.5,21.771428571428572,57.725,25789.0,8101.0,Pueblo
2010,38.7,22.15714285714286,58.75,26323.0,8101.0,Pueblo
1989,,,,787.0,8103.0,Rio Blanco
1990,32.3,15.4,,763.9,8103.0,Rio Blanco
1991,32.82,15.81,,740.8,8103.0,Rio Blanco
1992,33.339999999999996,16.22,27.3,717.7,8103.0,Rio Blanco
1993,33.86,16.63,27.2,694.6,8103.0,Rio Blanco
1994,34.379999999999995,17.04,27.1,671.5,8103.0,Rio Blanco
1995,34.9,17.45,27.0,648.4,8103.0,Rio Blanco
1996,35.42,17.86,26.9,625.3,8103.0,Rio Blanco
1997,35.94,18.27,24.924999999999997,602.2,8103.0,Rio Blanco
1998,36.46,18.68,22.95,579.1,8103.0,Rio Blanco
1999,36.98,19.09,20.975,556.0,8103.0,Rio Blanco
2000,37.5,19.5,19.0,521.0,8103.0,Rio Blanco
2001,37.55,20.385714285714286,18.95,486.0,8103.0,Rio Blanco
2002,37.6,21.271428571428572,18.9,451.0,8103.0,Rio Blanco
2003,37.65,22.15714285714286,18.85,416.0,8103.0,Rio Blanco
2004,37.7,23.04285714285714,18.8,381.0,8103.0,Rio Blanco
2005,37.75,23.928571428571427,19.3,346.0,8103.0,Rio Blanco
2006,37.8,24.814285714285713,19.8,311.0,8103.0,Rio Blanco
2007,37.85,25.7,20.3,276.0,8103.0,Rio Blanco
2008,37.9,26.585714285714285,20.8,241.0,8103.0,Rio Blanco
2009,37.95,27.47142857142857,21.3,206.0,8103.0,Rio Blanco
2010,38.0,28.357142857142858,21.8,171.0,8103.0,Rio Blanco
1989,,,,2516.0,8105.0,Rio Grande
1990,33.7,17.5,,2441.3,8105.0,Rio Grande
1991,34.06,17.63,,2366.6,8105.0,Rio Grande
1992,34.42,17.76,34.0,2291.9,8105.0,Rio Grande
1993,34.78,17.89,35.5,2217.2,8105.0,Rio Grande
1994,35.14,18.02,37.0,2142.5,8105.0,Rio Grande
1995,35.5,18.15,38.5,2067.8,8105.0,Rio Grande
1996,35.86,18.28,40.0,1993.1,8105.0,Rio Grande
1997,36.22,18.41,38.4,1918.4,8105.0,Rio Grande
1998,36.58,18.54,36.8,1843.6999999999998,8105.0,Rio Grande
1999,36.94,18.67,35.2,1769.0,8105.0,Rio Grande
2000,37.3,18.8,33.6,1802.375,8105.0,Rio Grande
2001,37.669999999999995,19.057142857142857,34.275,1835.75,8105.0,Rio Grande
2002,38.04,19.314285714285717,34.95,1869.125,8105.0,Rio Grande
2003,38.41,19.571428571428573,35.625,1902.5,8105.0,Rio Grande
2004,38.78,19.82857142857143,36.3,1935.875,8105.0,Rio Grande
2005,39.15,20.085714285714285,38.474999999999994,1969.25,8105.0,Rio Grande
2006,39.519999999999996,20.342857142857145,40.65,2002.625,8105.0,Rio Grande
2007,39.89,20.6,42.825,2036.0,8105.0,Rio Grande
2008,40.26,20.857142857142858,45.0,2069.375,8105.0,Rio Grande
2009,40.63,21.114285714285714,47.175000000000004,2102.75,8105.0,Rio Grande
2010,41.0,21.37142857142857,49.35000000000001,2136.125,8105.0,Rio Grande
1989,,,,1362.0,8107.0,Routt
1990,32.4,34.7,,1344.1,8107.0,Routt
1991,32.66,35.480000000000004,,1326.2,8107.0,Routt
1992,32.92,36.260000000000005,39.1,1308.3,8107.0,Routt
1993,33.18,37.04,41.0,1290.4,8107.0,Routt
1994,33.44,37.82,42.900000000000006,1272.5,8107.0,Routt
1995,33.7,38.6,44.800000000000004,1254.6,8107.0,Routt
1996,33.96,39.38,46.7,1236.7,8107.0,Routt
1997,34.22,40.160000000000004,45.95,1218.8,8107.0,Routt
1998,34.48,40.94,45.2,1200.9,8107.0,Routt
1999,34.74,41.72,44.45,1183.0,8107.0,Routt
2000,35.0,42.5,43.7,1177.625,8107.0,Routt
2001,35.39,43.128571428571426,46.35,1172.25,8107.0,Routt
2002,35.78,43.75714285714286,49.0,1166.875,8107.0,Routt
2003,36.17,44.385714285714286,51.65,1161.5,8107.0,Routt
2004,36.56,45.01428571428571,54.3,1156.125,8107.0,Routt
2005,36.95,45.64285714285714,56.4,1150.75,8107.0,Routt
2006,37.339999999999996,46.27142857142857,58.5,1145.375,8107.0,Routt
2007,37.73,46.9,60.6,1140.0,8107.0,Routt
2008,38.12,47.528571428571425,62.7,1134.625,8107.0,Routt
2009,38.51,48.15714285714285,64.80000000000001,1129.25,8107.0,Routt
2010,38.9,48.78571428571428,66.9,1123.875,8107.0,Routt
1989,,,,1399.0,8109.0,Saguache
1990,31.8,14.4,,1391.6,8109.0,Saguache
1991,32.31,14.92,,1384.2,8109.0,Saguache
1992,32.82,15.440000000000001,46.5,1376.8,8109.0,Saguache
1993,33.33,15.96,47.275,1369.4,8109.0,Saguache
1994,33.84,16.48,48.05,1362.0,8109.0,Saguache
1995,34.35,17.0,48.825,1354.6,8109.0,Saguache
1996,34.86,17.520000000000003,49.6,1347.2,8109.0,Saguache
1997,35.37,18.040000000000003,48.525,1339.8,8109.0,Saguache
1998,35.879999999999995,18.560000000000002,47.45,1332.4,8109.0,Saguache
1999,36.39,19.080000000000002,46.375,1325.0,8109.0,Saguache
2000,36.9,19.6,45.3,1385.375,8109.0,Saguache
2001,37.54,19.514285714285716,48.199999999999996,1445.75,8109.0,Saguache
2002,38.18,19.42857142857143,51.099999999999994,1506.125,8109.0,Saguache
2003,38.82,19.342857142857145,54.0,1566.5,8109.0,Saguache
2004,39.46,19.257142857142856,56.9,1626.875,8109.0,Saguache
2005,40.099999999999994,19.17142857142857,58.425,1687.25,8109.0,Saguache
2006,40.739999999999995,19.085714285714285,59.95,1747.625,8109.0,Saguache
2007,41.379999999999995,19.0,61.475,1808.0,8109.0,Saguache
2008,42.019999999999996,18.914285714285715,63.0,1868.375,8109.0,Saguache
2009,42.66,18.82857142857143,64.525,1928.75,8109.0,Saguache
2010,43.3,18.742857142857144,66.05000000000001,1989.125,8109.0,Saguache
1989,,,,96.0,8111.0,San Juan
1990,33.6,24.0,,97.9,8111.0,San Juan
1991,34.61,25.97,,99.8,8111.0,San Juan
1992,35.620000000000005,27.94,32.5,101.7,8111.0,San Juan
1993,36.63,29.91,33.35,103.6,8111.0,San Juan
1994,37.64,31.880000000000003,34.2,105.5,8111.0,San Juan
1995,38.650000000000006,33.85,35.05,107.4,8111.0,San Juan
1996,39.660000000000004,35.82,35.9,109.3,8111.0,San Juan
1997,40.67,37.79,35.475,111.2,8111.0,San Juan
1998,41.68000000000001,39.760000000000005,35.05,113.1,8111.0,San Juan
1999,42.690000000000005,41.730000000000004,34.625,115.0,8111.0,San Juan
2000,43.7,43.7,34.2,108.375,8111.0,San Juan
2001,43.71,43.91428571428572,38.675000000000004,101.75,8111.0,San Juan
2002,43.72,44.12857142857143,43.150000000000006,95.125,8111.0,San Juan
2003,43.730000000000004,44.34285714285715,47.625,88.5,8111.0,San Juan
2004,43.74,44.55714285714286,52.1,81.875,8111.0,San Juan
2005,43.75,44.77142857142857,52.375,75.25,8111.0,San Juan
2006,43.76,44.98571428571429,52.650000000000006,68.625,8111.0,San Juan
2007,43.769999999999996,45.2,52.925000000000004,62.0,8111.0,San Juan
2008,43.78,45.41428571428572,53.2,55.375,8111.0,San Juan
2009,43.79,45.62857142857143,53.475,48.75,8111.0,San Juan
2010,43.8,45.84285714285715,53.75,42.125,8111.0,San Juan
1989,,,,416.0,8113.0,San Miguel
1990,33.1,40.3,,442.9,8113.0,San Miguel
1991,33.21,41.12,,469.8,8113.0,San Miguel
1992,33.32,41.94,51.8,496.7,8113.0,San Miguel
1993,33.43,42.76,52.849999999999994,523.6,8113.0,San Miguel
1994,33.54,43.58,53.9,550.5,8113.0,San Miguel
1995,33.650000000000006,44.4,54.95,577.4,8113.0,San Miguel
1996,33.760000000000005,45.22,56.0,604.3,8113.0,San Miguel
1997,33.870000000000005,46.04,54.275,631.2,8113.0,San Miguel
1998,33.980000000000004,46.86,52.55,658.1,8113.0,San Miguel
1999,34.09,47.68,50.825,685.0,8113.0,San Miguel
2000,34.2,48.5,49.1,718.875,8113.0,San Miguel
2001,34.71,48.128571428571426,54.725,752.75,8113.0,San Miguel
2002,35.22,47.75714285714286,60.349999999999994,786.625,8113.0,San Miguel
2003,35.730000000000004,47.385714285714286,65.975,820.5,8113.0,San Miguel
2004,36.24,47.01428571428571,71.6,854.375,8113.0,San Miguel
2005,36.75,46.64285714285714,72.94999999999999,888.25,8113.0,San Miguel
2006,37.26,46.27142857142857,74.3,922.125,8113.0,San Miguel
2007,37.769999999999996,45.9,75.65,956.0,8113.0,San Miguel
2008,38.28,45.528571428571425,77.0,989.875,8113.0,San Miguel
2009,38.79,45.15714285714285,78.35000000000001,1023.75,8113.0,San Miguel
2010,39.3,44.78571428571428,79.70000000000002,1057.625,8113.0,San Miguel
1989,,,,305.0,8115.0,Sedgwick
1990,40.8,8.6,,301.5,8115.0,Sedgwick
1991,41.04,9.08,,298.0,8115.0,Sedgwick
1992,41.28,9.56,34.6,294.5,8115.0,Sedgwick
1993,41.519999999999996,10.04,35.5,291.0,8115.0,Sedgwick
1994,41.76,10.52,36.400000000000006,287.5,8115.0,Sedgwick
1995,42.0,11.0,37.300000000000004,284.0,8115.0,Sedgwick
1996,42.24,11.48,38.2,280.5,8115.0,Sedgwick
1997,42.480000000000004,11.96,36.025000000000006,277.0,8115.0,Sedgwick
1998,42.72,12.440000000000001,33.85,273.5,8115.0,Sedgwick
1999,42.96,12.920000000000002,31.675,270.0,8115.0,Sedgwick
2000,43.2,13.4,29.5,269.5,8115.0,Sedgwick
2001,43.800000000000004,13.457142857142857,29.0,269.0,8115.0,Sedgwick
2002,44.400000000000006,13.514285714285714,28.5,268.5,8115.0,Sedgwick
2003,45.0,13.571428571428571,28.0,268.0,8115.0,Sedgwick
2004,45.6,13.62857142857143,27.5,267.5,8115.0,Sedgwick
2005,46.2,13.685714285714287,29.275,267.0,8115.0,Sedgwick
2006,46.800000000000004,13.742857142857144,31.05,266.5,8115.0,Sedgwick
2007,47.400000000000006,13.8,32.825,266.0,8115.0,Sedgwick
2008,48.0,13.857142857142858,34.6,265.5,8115.0,Sedgwick
2009,48.6,13.914285714285715,36.375,265.0,8115.0,Sedgwick
2010,49.2,13.971428571428572,38.15,264.5,8115.0,Sedgwick
1989,,,,1004.0,8117.0,Summit
1990,30.5,39.7,,1113.4,8117.0,Summit
1991,30.53,40.56,,1222.8,8117.0,Summit
1992,30.56,41.42,40.0,1332.2,8117.0,Summit
1993,30.59,42.28,41.8,1441.6,8117.0,Summit
1994,30.62,43.14,43.6,1551.0,8117.0,Summit
1995,30.65,44.0,45.400000000000006,1660.4,8117.0,Summit
1996,30.68,44.86,47.2,1769.8000000000002,8117.0,Summit
1997,30.71,45.72,47.375,1879.2,8117.0,Summit
1998,30.740000000000002,46.58,47.55,1988.6,8117.0,Summit
1999,30.77,47.44,47.725,2098.0,8117.0,Summit
2000,30.8,48.3,47.9,2003.75,8117.0,Summit
2001,31.36,48.385714285714286,50.75,1909.5,8117.0,Summit
2002,31.92,48.47142857142857,53.599999999999994,1815.25,8117.0,Summit
2003,32.48,48.55714285714286,56.449999999999996,1721.0,8117.0,Summit
2004,33.04,48.64285714285714,59.3,1626.75,8117.0,Summit
2005,33.6,48.72857142857143,60.925,1532.5,8117.0,Summit
2006,34.16,48.81428571428571,62.55,1438.25,8117.0,Summit
2007,34.72,48.9,64.175,1344.0,8117.0,Summit
2008,35.28,48.98571428571429,65.8,1249.75,8117.0,Summit
2009,35.839999999999996,49.07142857142858,67.425,1155.5,8117.0,Summit
2010,36.4,49.157142857142865,69.05,1061.25,8117.0,Summit
1989,,,,1251.0,8119.0,Teller
1990,34.6,26.4,,1235.5,8119.0,Teller
1991,35.08,26.93,,1220.0,8119.0,Teller
1992,35.56,27.459999999999997,27.1,1204.5,8119.0,Teller
1993,36.04,27.99,27.825000000000003,1189.0,8119.0,Teller
1994,36.52,28.52,28.55,1173.5,8119.0,Teller
1995,37.0,29.049999999999997,29.275,1158.0,8119.0,Teller
1996,37.48,29.58,30.0,1142.5,8119.0,Teller
1997,37.96,30.11,29.475,1127.0,8119.0,Teller
1998,38.44,30.64,28.95,1111.5,8119.0,Teller
1999,38.92,31.169999999999998,28.424999999999997,1096.0,8119.0,Teller
2000,39.4,31.7,27.9,1170.25,8119.0,Teller
2001,40.16,31.7,28.424999999999997,1244.5,8119.0,Teller
2002,40.92,31.7,28.95,1318.75,8119.0,Teller
2003,41.68,31.7,29.475,1393.0,8119.0,Teller
2004,42.44,31.7,30.0,1467.25,8119.0,Teller
2005,43.2,31.7,31.25,1541.5,8119.0,Teller
2006,43.96,31.7,32.5,1615.75,8119.0,Teller
2007,44.72,31.7,33.75,1690.0,8119.0,Teller
2008,45.48,31.7,35.0,1764.25,8119.0,Teller
2009,46.24,31.7,36.25,1838.5,8119.0,Teller
2010,47.0,31.7,37.5,1912.75,8119.0,Teller
1989,,,,748.0,8121.0,Washington
1990,37.3,11.8,,728.7,8121.0,Washington
1991,37.589999999999996,12.05,,709.4,8121.0,Washington
1992,37.879999999999995,12.3,25.3,690.1,8121.0,Washington
1993,38.17,12.55,25.625,670.8,8121.0,Washington
1994,38.46,12.8,25.950000000000003,651.5,8121.0,Washington
1995,38.75,13.05,26.275000000000002,632.2,8121.0,Washington
1996,39.04,13.3,26.6,612.9,8121.0,Washington
1997,39.33,13.55,24.825000000000003,593.6,8121.0,Washington
1998,39.620000000000005,13.8,23.05,574.3,8121.0,Washington
1999,39.910000000000004,14.05,21.275,555.0,8121.0,Washington
2000,40.2,14.3,19.5,565.0,8121.0,Washington
2001,40.6,14.714285714285715,19.125,575.0,8121.0,Washington
2002,41.0,15.128571428571428,18.75,585.0,8121.0,Washington
2003,41.400000000000006,15.542857142857143,18.375,595.0,8121.0,Washington
2004,41.800000000000004,15.957142857142857,18.0,605.0,8121.0,Washington
2005,42.2,16.37142857142857,18.775,615.0,8121.0,Washington
2006,42.6,16.785714285714285,19.55,625.0,8121.0,Washington
2007,43.0,17.2,20.325000000000003,635.0,8121.0,Washington
2008,43.400000000000006,17.614285714285714,21.1,645.0,8121.0,Washington
2009,43.800000000000004,18.02857142857143,21.875000000000004,655.0,8121.0,Washington
2010,44.2,18.442857142857143,22.650000000000006,665.0,8121.0,Washington
1989,,,,19594.0,8123.0,Weld
1990,30.5,18.4,,19836.5,8123.0,Weld
1991,30.54,18.72,,20079.0,8123.0,Weld
1992,30.58,19.04,35.7,20321.5,8123.0,Weld
1993,30.62,19.36,36.75,20564.0,8123.0,Weld
1994,30.66,19.68,37.8,20806.5,8123.0,Weld
1995,30.7,20.0,38.85,21049.0,8123.0,Weld
1996,30.74,20.32,39.9,21291.5,8123.0,Weld
1997,30.779999999999998,20.64,39.0,21534.0,8123.0,Weld
1998,30.82,20.96,38.099999999999994,21776.5,8123.0,Weld
1999,30.86,21.28,37.199999999999996,22019.0,8123.0,Weld
2000,30.9,21.6,36.3,23308.5,8123.0,Weld
2001,31.119999999999997,22.200000000000003,36.199999999999996,24598.0,8123.0,Weld
2002,31.34,22.8,36.099999999999994,25887.5,8123.0,Weld
2003,31.56,23.400000000000002,36.0,27177.0,8123.0,Weld
2004,31.78,24.0,35.9,28466.5,8123.0,Weld
2005,32.0,24.6,38.1,29756.0,8123.0,Weld
2006,32.22,25.2,40.3,31045.5,8123.0,Weld
2007,32.44,25.8,42.5,32335.0,8123.0,Weld
2008,32.660000000000004,26.400000000000002,44.7,33624.5,8123.0,Weld
2009,32.88,27.000000000000004,46.900000000000006,34914.0,8123.0,Weld
2010,33.1,27.600000000000005,49.10000000000001,36203.5,8123.0,Weld
1989,,,,1171.0,8125.0,Yuma
1990,35.8,13.4,,1178.3,8125.0,Yuma
1991,35.949999999999996,13.61,,1185.6,8125.0,Yuma
1992,36.099999999999994,13.82,28.2,1192.9,8125.0,Yuma
1993,36.25,14.030000000000001,29.3,1200.2,8125.0,Yuma
1994,36.4,14.24,30.4,1207.5,8125.0,Yuma
1995,36.55,14.45,31.5,1214.8,8125.0,Yuma
1996,36.699999999999996,14.66,32.6,1222.1,8125.0,Yuma
1997,36.849999999999994,14.870000000000001,30.650000000000002,1229.4,8125.0,Yuma
1998,37.0,15.08,28.700000000000003,1236.7,8125.0,Yuma
1999,37.15,15.29,26.75,1244.0,8125.0,Yuma
2000,37.3,15.5,24.8,1217.25,8125.0,Yuma
2001,37.419999999999995,16.0,24.425,1190.5,8125.0,Yuma
2002,37.54,16.5,24.05,1163.75,8125.0,Yuma
2003,37.66,17.0,23.675,1137.0,8125.0,Yuma
2004,37.78,17.5,23.3,1110.25,8125.0,Yuma
2005,37.9,18.0,23.7,1083.5,8125.0,Yuma
2006,38.019999999999996,18.5,24.1,1056.75,8125.0,Yuma
2007,38.14,19.0,24.5,1030.0,8125.0,Yuma
2008,38.26,19.5,24.9,1003.25,8125.0,Yuma
2009,38.38,20.0,25.299999999999997,976.5,8125.0,Yuma
2010,38.5,20.5,25.699999999999996,949.75,8125.0,Yuma
