1979.0,Adams,58554.99999999999
1979.0,Alamosa,37297.5
1979.0,Arapahoe,72017.5
1979.0,Archuleta,54067.49999999999
1979.0,Baca,24275.0
1979.0,Bent,23392.500000000004
1979.0,Boulder,94090.0
1979.0,Broomfield,65315.0
1979.0,Chaffee,49590.0
1979.0,Cheyenne,24222.499999999996
1979.0,Clear Creek,69777.5
1979.0,Conejos,23970.0
1979.0,Costilla,22572.5
1979.0,Crowley,18417.5
1979.0,Custer,38144.99999999999
1979.0,Delta,46310.0
1979.0,Denver,59600.0
1979.0,Dolores,29867.500000000004
1979.0,Douglas,86605.0
1979.0,Eagle,103435.0
1979.0,El Paso,65337.50000000001
1979.0,Elbert,64465.0
1979.0,Fremont,46152.5
1979.0,Garfield,78075.0
1979.0,Gilpin,59050.00000000001
1979.0,Grand,67617.5
1979.0,Gunnison,77150.0
1979.0,Hinsdale,58035.0
1979.0,Huerfano,24150.000000000004
1979.0,Jackson,45785.00000000001
1979.0,Jefferson,69934.99999999999
1979.0,Kiowa,11329.999999999998
1979.0,Kit Carson,36962.5
1979.0,La Plata,62187.5
1979.0,Lake,47565.0
1979.0,Larimer,69022.50000000001
1979.0,Las Animas,34807.5
1979.0,Lincoln,32812.5
1979.0,Logan,40675.00000000001
1979.0,Mesa,71522.50000000001
1979.0,Mineral,39407.5
1979.0,Moffat,62562.5
1979.0,Montezuma,42437.5
1979.0,Montrose,50235.0
1979.0,Morgan,44940.0
1979.0,Otero,29275.0
1979.0,Ouray,58967.5
1979.0,Park,62582.49999999999
1979.0,Phillips,31680.0
1979.0,Pitkin,198120.0
1979.0,Prowers,30410.0
1979.0,Pueblo,47347.5
1979.0,Rio Blanco,59572.5
1979.0,Rio Grande,34372.5
1979.0,Routt,85487.5
1979.0,Saguache,24207.5
1979.0,San Juan,39057.50000000001
1979.0,San Miguel,70497.5
1979.0,Sedgwick,25660.0
1979.0,Summit,102487.50000000001
1979.0,Teller,69080.00000000001
1979.0,Washington,31800.0
1979.0,Weld,53737.5
1979.0,Yuma,40650.0
1980.0,Adams,62992.5
1980.0,Alamosa,40985.0
1980.0,Arapahoe,78390.00000000001
1980.0,Archuleta,58419.99999999999
1980.0,Baca,26447.5
1980.0,Bent,25192.5
1980.0,Boulder,102337.49999999999
1980.0,Broomfield,71702.5
1980.0,Chaffee,52740.0
1980.0,Cheyenne,27045.0
1980.0,Clear Creek,76547.50000000001
1980.0,Conejos,25509.999999999996
1980.0,Costilla,24935.0
1980.0,Crowley,19785.0
1980.0,Custer,40917.5
1980.0,Delta,49197.50000000001
1980.0,Denver,64507.49999999999
1980.0,Dolores,31725.0
1980.0,Douglas,94645.0
1980.0,Eagle,111082.50000000001
1980.0,El Paso,71047.5
1980.0,Elbert,70047.49999999999
1980.0,Fremont,49207.5
1980.0,Garfield,83752.5
1980.0,Gilpin,64375.0
1980.0,Grand,72707.5
1980.0,Gunnison,82395.0
1980.0,Hinsdale,64062.5
1980.0,Huerfano,25550.0
1980.0,Jackson,48410.0
1980.0,Jefferson,76482.5
1980.0,Kiowa,12795.0
1980.0,Kit Carson,40647.5
1980.0,La Plata,67932.5
1980.0,Lake,50074.99999999999
1980.0,Larimer,75075.0
1980.0,Las Animas,36732.5
1980.0,Lincoln,35617.5
1980.0,Logan,43857.5
1980.0,Mesa,77795.0
1980.0,Mineral,41250.0
1980.0,Moffat,68345.0
1980.0,Montezuma,46607.5
1980.0,Montrose,53995.00000000001
1980.0,Morgan,48467.5
1980.0,Otero,31384.999999999996
1980.0,Ouray,65489.99999999999
1980.0,Park,68045.00000000001
1980.0,Phillips,34837.5
1980.0,Pitkin,223475.0
1980.0,Prowers,33330.0
1980.0,Pueblo,51497.5
1980.0,Rio Blanco,65082.49999999999
1980.0,Rio Grande,36612.5
1980.0,Routt,90414.99999999999
1980.0,Saguache,26277.5
1980.0,San Juan,43822.5
1980.0,San Miguel,80185.0
1980.0,Sedgwick,27760.0
1980.0,Summit,110560.0
1980.0,Teller,75490.00000000001
1980.0,Washington,34080.0
1980.0,Weld,58445.0
1980.0,Yuma,44960.0
1981.0,Adams,68485.0
1981.0,Alamosa,44125.0
1981.0,Arapahoe,86035.00000000001
1981.0,Archuleta,62562.5
1981.0,Baca,28370.0
1981.0,Bent,26825.0
1981.0,Boulder,108455.0
1981.0,Broomfield,78882.5
1981.0,Chaffee,56190.00000000001
1981.0,Cheyenne,29217.499999999996
1981.0,Clear Creek,84287.5
1981.0,Conejos,27225.0
1981.0,Costilla,27020.0
1981.0,Crowley,21187.5
1981.0,Custer,43812.5
1981.0,Delta,51550.00000000001
1981.0,Denver,70512.5
1981.0,Dolores,33714.99999999999
1981.0,Douglas,103542.5
1981.0,Eagle,117972.5
1981.0,El Paso,73462.5
1981.0,Elbert,76057.5
1981.0,Fremont,52212.50000000001
1981.0,Garfield,88920.0
1981.0,Gilpin,70467.5
1981.0,Grand,77332.50000000001
1981.0,Gunnison,86897.50000000001
1981.0,Hinsdale,69357.5
1981.0,Huerfano,27272.5
1981.0,Jackson,51292.50000000001
1981.0,Jefferson,84082.5
1981.0,Kiowa,14410.0
1981.0,Kit Carson,43752.5
1981.0,La Plata,73087.5
1981.0,Lake,52949.99999999999
1981.0,Larimer,75232.49999999999
1981.0,Las Animas,38795.0
1981.0,Lincoln,38260.0
1981.0,Logan,46790.0
1981.0,Mesa,84127.5
1981.0,Mineral,43677.5
1981.0,Moffat,72919.99999999999
1981.0,Montezuma,50347.5
1981.0,Montrose,57647.49999999999
1981.0,Morgan,51732.5
1981.0,Otero,33480.00000000001
1981.0,Ouray,70805.0
1981.0,Park,74110.0
1981.0,Phillips,37515.0
1981.0,Pitkin,247105.00000000003
1981.0,Prowers,35907.5
1981.0,Pueblo,49245.0
1981.0,Rio Blanco,69840.0
1981.0,Rio Grande,39080.0
1981.0,Routt,94952.5
1981.0,Saguache,28417.5
1981.0,San Juan,47480.0
1981.0,San Miguel,87970.0
1981.0,Sedgwick,29700.0
1981.0,Summit,117695.0
1981.0,Teller,77935.0
1981.0,Washington,36237.5
1981.0,Weld,63205.0
1981.0,Yuma,48160.0
1982.0,Adams,73747.5
1982.0,Alamosa,48380.0
1982.0,Arapahoe,93470.0
1982.0,Archuleta,68387.5
1982.0,Baca,30990.000000000004
1982.0,Bent,29055.0
1982.0,Boulder,123642.5
1982.0,Broomfield,85935.0
1982.0,Chaffee,61175.0
1982.0,Cheyenne,32147.499999999993
1982.0,Clear Creek,91867.49999999999
1982.0,Conejos,29727.5
1982.0,Costilla,29777.5
1982.0,Crowley,23174.999999999996
1982.0,Custer,47952.5
1982.0,Delta,55072.5
1982.0,Denver,76380.0
1982.0,Dolores,36635.00000000001
1982.0,Douglas,112082.5
1982.0,Eagle,127764.99999999999
1982.0,El Paso,82320.0
1982.0,Elbert,81740.0
1982.0,Fremont,56542.50000000001
1982.0,Garfield,96177.50000000001
1982.0,Gilpin,76289.99999999999
1982.0,Grand,83795.0
1982.0,Gunnison,93312.5
1982.0,Hinsdale,76395.0
1982.0,Huerfano,29817.499999999996
1982.0,Jackson,55525.00000000001
1982.0,Jefferson,91505.0
1982.0,Kiowa,15905.0
1982.0,Kit Carson,47945.0
1982.0,La Plata,80117.49999999999
1982.0,Lake,57215.0
1982.0,Larimer,75502.5
1982.0,Las Animas,41897.5
1982.0,Lincoln,41897.5
1982.0,Logan,50822.5
1982.0,Mesa,87887.5
1982.0,Mineral,47425.0
1982.0,Moffat,78835.00000000001
1982.0,Montezuma,55372.5
1982.0,Montrose,62745.00000000001
1982.0,Morgan,56252.5
1982.0,Otero,36450.0
1982.0,Ouray,77945.0
1982.0,Park,79817.5
1982.0,Phillips,41150.0
1982.0,Pitkin,272760.0
1982.0,Prowers,39405.0
1982.0,Pueblo,48780.0
1982.0,Rio Blanco,76112.5
1982.0,Rio Grande,42650.00000000001
1982.0,Routt,101745.0
1982.0,Saguache,31300.0
1982.0,San Juan,52280.0
1982.0,San Miguel,97104.99999999999
1982.0,Sedgwick,32355.000000000004
1982.0,Summit,127570.0
1982.0,Teller,87117.5
1982.0,Washington,39272.5
1982.0,Weld,66032.5
1982.0,Yuma,52417.5
1983.0,Adams,72880.0
1983.0,Alamosa,48390.0
1983.0,Arapahoe,93365.0
1983.0,Archuleta,68272.50000000001
1983.0,Baca,30840.0
1983.0,Bent,28535.000000000004
1983.0,Boulder,115360.0
1983.0,Broomfield,86225.0
1983.0,Chaffee,60625.00000000001
1983.0,Cheyenne,32494.999999999996
1983.0,Clear Creek,92145.00000000001
1983.0,Conejos,29617.5
1983.0,Costilla,30240.000000000004
1983.0,Crowley,23140.0
1983.0,Custer,47947.5
1983.0,Delta,53512.49999999999
1983.0,Denver,76027.5
1983.0,Dolores,36290.0
1983.0,Douglas,111515.0
1983.0,Eagle,125970.0
1983.0,El Paso,82700.0
1983.0,Elbert,80785.0
1983.0,Fremont,55732.5
1983.0,Garfield,94512.5
1983.0,Gilpin,75792.49999999999
1983.0,Grand,82539.99999999999
1983.0,Gunnison,90932.49999999999
1983.0,Hinsdale,77330.0
1983.0,Huerfano,29767.500000000004
1983.0,Jackson,54650.0
1983.0,Jefferson,91647.50000000001
1983.0,Kiowa,16537.5
1983.0,Kit Carson,47907.5
1983.0,La Plata,80172.5
1983.0,Lake,56140.0
1983.0,Larimer,80397.50000000001
1983.0,Las Animas,41237.5
1983.0,Lincoln,41857.5
1983.0,Logan,50077.5
1983.0,Mesa,86664.99999999999
1983.0,Mineral,46987.5
1983.0,Moffat,76975.00000000001
1983.0,Montezuma,55767.5
1983.0,Montrose,62080.0
1983.0,Morgan,55562.5
1983.0,Otero,36132.5
1983.0,Ouray,78827.5
1983.0,Park,78884.99999999999
1983.0,Phillips,41192.49999999999
1983.0,Pitkin,283432.5
1983.0,Prowers,39460.0
1983.0,Pueblo,49772.49999999999
1983.0,Rio Blanco,75187.5
1983.0,Rio Grande,42425.0
1983.0,Routt,99110.0
1983.0,Saguache,31692.500000000004
1983.0,San Juan,52785.0
1983.0,San Miguel,100515.00000000001
1983.0,Sedgwick,32035.000000000004
1983.0,Summit,125642.5
1983.0,Teller,87160.0
1983.0,Washington,38677.49999999999
1983.0,Weld,64840.0
1983.0,Yuma,51837.5
1984.0,Adams,72135.0
1984.0,Alamosa,48472.5
1984.0,Arapahoe,93225.0
1984.0,Archuleta,68512.49999999999
1984.0,Baca,30772.499999999996
1984.0,Bent,28050.0
1984.0,Boulder,118647.50000000001
1984.0,Broomfield,86520.0
1984.0,Chaffee,60225.0
1984.0,Cheyenne,32970.0
1984.0,Clear Creek,92275.0
1984.0,Conejos,29652.5
1984.0,Costilla,30762.5
1984.0,Crowley,23200.000000000004
1984.0,Custer,48180.0
1984.0,Delta,52310.0
1984.0,Denver,75787.5
1984.0,Dolores,36112.5
1984.0,Douglas,111257.5
1984.0,Eagle,124950.0
1984.0,El Paso,83295.0
1984.0,Elbert,80372.5
1984.0,Fremont,55162.49999999999
1984.0,Garfield,93195.0
1984.0,Gilpin,75332.5
1984.0,Grand,81625.0
1984.0,Gunnison,88872.49999999999
1984.0,Hinsdale,78340.0
1984.0,Huerfano,29827.5
1984.0,Jackson,53840.0
1984.0,Jefferson,91770.0
1984.0,Kiowa,17397.5
1984.0,Kit Carson,47914.99999999999
1984.0,La Plata,80415.0
1984.0,Lake,55057.5
1984.0,Larimer,80535.0
1984.0,Las Animas,40769.99999999999
1984.0,Lincoln,41915.0
1984.0,Logan,49380.0
1984.0,Mesa,66217.5
1984.0,Mineral,46720.0
1984.0,Moffat,75009.99999999999
1984.0,Montezuma,56185.0
1984.0,Montrose,61539.99999999999
1984.0,Morgan,54987.5
1984.0,Otero,35957.49999999999
1984.0,Ouray,79945.0
1984.0,Park,78187.5
1984.0,Phillips,41300.0
1984.0,Pitkin,297657.5
1984.0,Prowers,39550.00000000001
1984.0,Pueblo,46867.5
1984.0,Rio Blanco,74092.5
1984.0,Rio Grande,42347.5
1984.0,Routt,96945.0
1984.0,Saguache,32162.5
1984.0,San Juan,53239.99999999999
1984.0,San Miguel,104770.0
1984.0,Sedgwick,31760.0
1984.0,Summit,124210.00000000001
1984.0,Teller,87454.99999999999
1984.0,Washington,38202.5
1984.0,Weld,63627.50000000001
1984.0,Yuma,51397.5
1985.0,Adams,68655.0
1985.0,Alamosa,47385.0
1985.0,Arapahoe,89310.0
1985.0,Archuleta,67370.0
1985.0,Baca,30012.5
1985.0,Bent,26925.0
1985.0,Boulder,116125.0
1985.0,Broomfield,83310.0
1985.0,Chaffee,58522.50000000001
1985.0,Cheyenne,32695.0
1985.0,Clear Creek,88542.49999999999
1985.0,Conejos,29100.0
1985.0,Costilla,30529.999999999996
1985.0,Crowley,22780.0
1985.0,Custer,47455.0
1985.0,Delta,50205.0
1985.0,Denver,72625.0
1985.0,Dolores,35222.5
1985.0,Douglas,106820.0
1985.0,Eagle,121602.5
1985.0,El Paso,82990.0
1985.0,Elbert,77222.5
1985.0,Fremont,53502.5
1985.0,Garfield,89955.00000000001
1985.0,Gilpin,71912.5
1985.0,Grand,79042.49999999999
1985.0,Gunnison,85007.5
1985.0,Hinsdale,77355.0
1985.0,Huerfano,29282.5
1985.0,Jackson,51812.5
1985.0,Jefferson,88167.49999999999
1985.0,Kiowa,17527.5
1985.0,Kit Carson,46762.5
1985.0,La Plata,78810.0
1985.0,Lake,52685.0
1985.0,Larimer,80337.5
1985.0,Las Animas,39535.0
1985.0,Lincoln,41012.5
1985.0,Logan,47525.00000000001
1985.0,Mesa,54725.0
1985.0,Mineral,45525.0
1985.0,Moffat,71160.0
1985.0,Montezuma,55180.0
1985.0,Montrose,59625.0
1985.0,Morgan,53177.5
1985.0,Otero,35032.5
1985.0,Ouray,79185.0
1985.0,Park,74610.0
1985.0,Phillips,40415.0
1985.0,Pitkin,299884.99999999994
1985.0,Prowers,38665.00000000001
1985.0,Pueblo,47817.5
1985.0,Rio Blanco,71027.5
1985.0,Rio Grande,41385.00000000001
1985.0,Routt,92977.49999999999
1985.0,Saguache,31882.500000000004
1985.0,San Juan,52250.0
1985.0,San Miguel,105509.99999999999
1985.0,Sedgwick,30732.5
1985.0,Summit,120205.0
1985.0,Teller,86835.00000000001
1985.0,Washington,36915.00000000001
1985.0,Weld,64940.0
1985.0,Yuma,49782.5
1986.0,Adams,68085.0
1986.0,Alamosa,48045.0
1986.0,Arapahoe,88932.5
1986.0,Archuleta,69009.99999999999
1986.0,Baca,30412.499999999996
1986.0,Bent,26837.5
1986.0,Boulder,118640.0
1986.0,Broomfield,83375.0
1986.0,Chaffee,59185.0
1986.0,Cheyenne,33662.5
1986.0,Clear Creek,88202.5
1986.0,Conejos,29782.5
1986.0,Costilla,31417.5
1986.0,Crowley,23280.0
1986.0,Custer,48732.5
1986.0,Delta,50295.0
1986.0,Denver,72472.5
1986.0,Dolores,35822.5
1986.0,Douglas,106902.5
1986.0,Eagle,123450.0
1986.0,El Paso,85052.50000000001
1986.0,Elbert,77585.00000000001
1986.0,Fremont,54080.0
1986.0,Garfield,90390.0
1986.0,Gilpin,71432.49999999999
1986.0,Grand,79687.5
1986.0,Gunnison,84627.5
1986.0,Hinsdale,79150.0
1986.0,Huerfano,29975.0
1986.0,Jackson,51815.0
1986.0,Jefferson,88037.5
1986.0,Kiowa,18512.5
1986.0,Kit Carson,47330.0
1986.0,La Plata,80225.00000000001
1986.0,Lake,52362.5
1986.0,Larimer,81092.5
1986.0,Las Animas,40012.5
1986.0,Lincoln,41682.5
1986.0,Logan,47460.0
1986.0,Mesa,53455.0
1986.0,Mineral,46265.0
1986.0,Moffat,69857.49999999999
1986.0,Montezuma,56182.5
1986.0,Montrose,60050.0
1986.0,Morgan,53442.49999999999
1986.0,Otero,35542.5
1986.0,Ouray,81420.0
1986.0,Park,74232.5
1986.0,Phillips,41025.0
1986.0,Pitkin,315455.00000000006
1986.0,Prowers,39199.99999999999
1986.0,Pueblo,49712.50000000001
1986.0,Rio Blanco,70427.50000000001
1986.0,Rio Grande,42130.0
1986.0,Routt,93027.5
1986.0,Saguache,32842.5
1986.0,San Juan,53025.00000000001
1986.0,San Miguel,110767.50000000001
1986.0,Sedgwick,30862.5
1986.0,Summit,121062.5
1986.0,Teller,88710.00000000001
1986.0,Washington,37114.99999999999
1986.0,Weld,67717.5
1986.0,Yuma,50055.0
1987.0,Adams,67707.50000000001
1987.0,Alamosa,48770.0
1987.0,Arapahoe,88597.5
1987.0,Archuleta,71072.49999999999
1987.0,Baca,30910.0
1987.0,Bent,26830.0
1987.0,Boulder,123827.5
1987.0,Broomfield,83450.0
1987.0,Chaffee,60177.5
1987.0,Cheyenne,34720.0
1987.0,Clear Creek,87789.99999999999
1987.0,Conejos,30699.999999999996
1987.0,Costilla,32354.999999999996
1987.0,Crowley,23922.5
1987.0,Custer,50377.5
1987.0,Delta,50792.5
1987.0,Denver,72482.5
1987.0,Dolores,36685.0
1987.0,Douglas,107277.5
1987.0,Eagle,126195.00000000001
1987.0,El Paso,86840.0
1987.0,Elbert,78380.0
1987.0,Fremont,55027.49999999999
1987.0,Garfield,91315.0
1987.0,Gilpin,71080.0
1987.0,Grand,80767.5
1987.0,Gunnison,84695.0
1987.0,Hinsdale,80987.5
1987.0,Huerfano,30909.999999999996
1987.0,Jackson,52035.0
1987.0,Jefferson,87927.50000000001
1987.0,Kiowa,19672.5
1987.0,Kit Carson,47957.5
1987.0,La Plata,81897.50000000001
1987.0,Lake,52262.5
1987.0,Larimer,83820.0
1987.0,Las Animas,40827.5
1987.0,Lincoln,42487.5
1987.0,Logan,47515.0
1987.0,Mesa,55200.0
1987.0,Mineral,47402.5
1987.0,Moffat,68570.0
1987.0,Montezuma,57235.00000000001
1987.0,Montrose,60720.0
1987.0,Morgan,53897.49999999999
1987.0,Otero,36247.5
1987.0,Ouray,83855.0
1987.0,Park,74117.5
1987.0,Phillips,41702.5
1987.0,Pitkin,332545.0
1987.0,Prowers,39787.5
1987.0,Pueblo,52862.5
1987.0,Rio Blanco,69772.5
1987.0,Rio Grande,43145.0
1987.0,Routt,93827.5
1987.0,Saguache,33945.00000000001
1987.0,San Juan,53700.0
1987.0,San Miguel,116535.0
1987.0,Sedgwick,31060.000000000004
1987.0,Summit,122512.49999999999
1987.0,Teller,90317.5
1987.0,Washington,37500.0
1987.0,Weld,69722.5
1987.0,Yuma,50417.50000000001
1988.0,Adams,67132.5
1988.0,Alamosa,49170.0
1988.0,Arapahoe,87795.0
1988.0,Archuleta,72987.50000000001
1988.0,Baca,31252.5
1988.0,Bent,26692.5
1988.0,Boulder,128180.0
1988.0,Broomfield,83042.5
1988.0,Chaffee,61052.5
1988.0,Cheyenne,35572.50000000001
1988.0,Clear Creek,86807.5
1988.0,Conejos,31617.500000000004
1988.0,Costilla,33080.0
1988.0,Crowley,24510.0
1988.0,Custer,52015.0
1988.0,Delta,51285.0
1988.0,Denver,72229.99999999999
1988.0,Dolores,37522.5
1988.0,Douglas,107312.5
1988.0,Eagle,128824.99999999999
1988.0,El Paso,88287.50000000001
1988.0,Elbert,79112.5
1988.0,Fremont,55915.0
1988.0,Garfield,92009.99999999999
1988.0,Gilpin,70437.5
1988.0,Grand,81632.50000000001
1988.0,Gunnison,84547.5
1988.0,Hinsdale,82205.00000000001
1988.0,Huerfano,31867.5
1988.0,Jackson,52080.0
1988.0,Jefferson,87322.49999999999
1988.0,Kiowa,20647.5
1988.0,Kit Carson,48257.5
1988.0,La Plata,83164.99999999999
1988.0,Lake,52017.5
1988.0,Larimer,86840.0
1988.0,Las Animas,41677.5
1988.0,Lincoln,43092.5
1988.0,Logan,47300.0
1988.0,Mesa,59870.0
1988.0,Mineral,48595.0
1988.0,Moffat,66745.0
1988.0,Montezuma,57890.0
1988.0,Montrose,61155.0
1988.0,Morgan,54120.0
1988.0,Otero,36862.5
1988.0,Ouray,85802.50000000001
1988.0,Park,73800.0
1988.0,Phillips,42107.5
1988.0,Pitkin,347120.0
1988.0,Prowers,40117.5
1988.0,Pueblo,54000.0
1988.0,Rio Blanco,68515.0
1988.0,Rio Grande,44107.49999999999
1988.0,Routt,94650.0
1988.0,Saguache,34927.5
1988.0,San Juan,53837.50000000001
1988.0,San Miguel,121552.50000000001
1988.0,Sedgwick,31082.500000000004
1988.0,Summit,123567.5
1988.0,Teller,91579.99999999999
1988.0,Washington,37775.0
1988.0,Weld,69190.0
1988.0,Yuma,50460.00000000001
1989.0,Adams,66940.0
1989.0,Alamosa,48382.5
1989.0,Arapahoe,87297.49999999999
1989.0,Archuleta,73449.99999999999
1989.0,Baca,30895.0
1989.0,Bent,25970.0
1989.0,Boulder,128097.5
1989.0,Broomfield,82877.5
1989.0,Chaffee,60757.5
1989.0,Cheyenne,35575.0
1989.0,Clear Creek,86017.5
1989.0,Conejos,31980.0
1989.0,Costilla,33000.0
1989.0,Crowley,24610.0
1989.0,Custer,52717.50000000001
1989.0,Delta,50865.0
1989.0,Denver,72335.00000000001
1989.0,Dolores,37685.0
1989.0,Douglas,107927.5
1989.0,Eagle,129052.50000000001
1989.0,El Paso,84957.50000000001
1989.0,Elbert,80449.99999999999
1989.0,Fremont,55765.0
1989.0,Garfield,90875.0
1989.0,Gilpin,70122.5
1989.0,Grand,80860.0
1989.0,Gunnison,82732.5
1989.0,Hinsdale,81362.5
1989.0,Huerfano,32284.999999999996
1989.0,Jackson,51072.5
1989.0,Jefferson,86995.0
1989.0,Kiowa,21057.5
1989.0,Kit Carson,47390.0
1989.0,La Plata,82570.0
1989.0,Lake,50780.0
1989.0,Larimer,85627.5
1989.0,Las Animas,41839.99999999999
1989.0,Lincoln,42735.0
1989.0,Logan,46027.5
1989.0,Mesa,63172.5
1989.0,Mineral,49017.5
1989.0,Moffat,63302.50000000001
1989.0,Montezuma,57142.5
1989.0,Montrose,60320.0
1989.0,Morgan,53184.99999999999
1989.0,Otero,36752.5
1989.0,Ouray,85727.5
1989.0,Park,73917.5
1989.0,Phillips,41507.49999999999
1989.0,Pitkin,352862.49999999994
1989.0,Prowers,39490.0
1989.0,Pueblo,53930.0
1989.0,Rio Blanco,65532.5
1989.0,Rio Grande,44254.99999999999
1989.0,Routt,93877.5
1989.0,Saguache,35177.49999999999
1989.0,San Juan,52500.0
1989.0,San Miguel,123582.5
1989.0,Sedgwick,30394.999999999996
1989.0,Summit,122074.99999999999
1989.0,Teller,87910.0
1989.0,Washington,37290.0
1989.0,Weld,66817.5
1989.0,Yuma,49304.99999999999
1990.0,Adams,67742.49999999999
1990.0,Alamosa,47370.0
1990.0,Arapahoe,87880.0
1990.0,Archuleta,73742.5
1990.0,Baca,30407.5
1990.0,Bent,25240.000000000004
1990.0,Boulder,123525.0
1990.0,Broomfield,83737.5
1990.0,Chaffee,60487.5
1990.0,Cheyenne,35379.99999999999
1990.0,Clear Creek,86245.0
1990.0,Conejos,32295.0
1990.0,Costilla,32722.500000000004
1990.0,Crowley,24672.5
1990.0,Custer,53287.5
1990.0,Delta,50509.99999999999
1990.0,Denver,73462.5
1990.0,Dolores,37825.0
1990.0,Douglas,110060.0
1990.0,Eagle,129215.0
1990.0,El Paso,80509.99999999999
1990.0,Elbert,83022.5
1990.0,Fremont,55597.5
1990.0,Garfield,89745.0
1990.0,Gilpin,70832.50000000001
1990.0,Grand,80092.5
1990.0,Gunnison,81009.99999999999
1990.0,Hinsdale,80155.0
1990.0,Huerfano,32659.999999999996
1990.0,Jackson,50022.5
1990.0,Jefferson,87735.0
1990.0,Kiowa,21242.5
1990.0,Kit Carson,46302.5
1990.0,La Plata,81740.00000000001
1990.0,Lake,49657.5
1990.0,Larimer,82395.0
1990.0,Las Animas,42030.0
1990.0,Lincoln,42225.0
1990.0,Logan,44670.0
1990.0,Mesa,61577.5
1990.0,Mineral,49445.0
1990.0,Moffat,59760.0
1990.0,Montezuma,56117.5
1990.0,Montrose,59405.0
1990.0,Morgan,52144.99999999999
1990.0,Otero,36577.5
1990.0,Ouray,85337.49999999999
1990.0,Park,75150.0
1990.0,Phillips,40722.50000000001
1990.0,Pitkin,355662.5
1990.0,Prowers,38672.5
1990.0,Pueblo,50377.5
1990.0,Rio Blanco,62292.50000000001
1990.0,Rio Grande,44364.99999999999
1990.0,Routt,93384.99999999999
1990.0,Saguache,35315.0
1990.0,San Juan,50882.5
1990.0,San Miguel,124667.49999999999
1990.0,Sedgwick,29622.5
1990.0,Summit,120582.50000000001
1990.0,Teller,83164.99999999999
1990.0,Washington,36775.0
1990.0,Weld,66289.99999999999
1990.0,Yuma,47935.0
1991.0,Adams,70232.5
1991.0,Alamosa,48364.99999999999
1991.0,Arapahoe,90002.5
1991.0,Archuleta,76914.99999999999
1991.0,Baca,31010.0
1991.0,Bent,25992.5
1991.0,Boulder,128502.5
1991.0,Broomfield,86577.50000000001
1991.0,Chaffee,63017.5
1991.0,Cheyenne,36462.5
1991.0,Clear Creek,88337.49999999999
1991.0,Conejos,33640.0
1991.0,Costilla,33629.99999999999
1991.0,Crowley,25732.5
1991.0,Custer,55612.50000000001
1991.0,Delta,52597.5
1991.0,Denver,76252.5
1991.0,Dolores,39452.5
1991.0,Douglas,114472.5
1991.0,Eagle,134747.5
1991.0,El Paso,81817.5
1991.0,Elbert,86837.5
1991.0,Fremont,57735.0
1991.0,Garfield,93265.0
1991.0,Gilpin,73577.5
1991.0,Grand,83369.99999999999
1991.0,Gunnison,83995.0
1991.0,Hinsdale,83230.0
1991.0,Huerfano,34087.5
1991.0,Jackson,51007.5
1991.0,Jefferson,90265.0
1991.0,Kiowa,21847.5
1991.0,Kit Carson,47095.0
1991.0,La Plata,84910.0
1991.0,Lake,51337.49999999999
1991.0,Larimer,84067.5
1991.0,Las Animas,43839.99999999999
1991.0,Lincoln,43390.0
1991.0,Logan,45525.00000000001
1991.0,Mesa,64884.99999999999
1991.0,Mineral,51597.5
1991.0,Moffat,59595.00000000001
1991.0,Montezuma,57462.5
1991.0,Montrose,61330.0
1991.0,Morgan,53447.5
1991.0,Otero,37842.5
1991.0,Ouray,88897.5
1991.0,Park,78280.0
1991.0,Phillips,41717.5
1991.0,Pitkin,369050.0
1991.0,Prowers,39390.0
1991.0,Pueblo,50515.0
1991.0,Rio Blanco,61747.5
1991.0,Rio Grande,46160.0
1991.0,Routt,97330.0
1991.0,Saguache,36807.50000000001
1991.0,San Juan,52445.00000000001
1991.0,San Miguel,130057.5
1991.0,Sedgwick,30250.0
1991.0,Summit,125447.5
1991.0,Teller,84850.0
1991.0,Washington,37972.50000000001
1991.0,Weld,68022.50000000001
1991.0,Yuma,48540.0
1992.0,Adams,77097.5
1992.0,Alamosa,51652.49999999999
1992.0,Arapahoe,96945.00000000001
1992.0,Archuleta,84315.0
1992.0,Baca,32765.0
1992.0,Bent,28485.0
1992.0,Boulder,142300.0
1992.0,Broomfield,94772.50000000001
1992.0,Chaffee,69177.50000000001
1992.0,Cheyenne,38962.5
1992.0,Clear Creek,95690.00000000001
1992.0,Conejos,36157.5
1992.0,Costilla,35857.5
1992.0,Crowley,28192.5
1992.0,Custer,61047.5
1992.0,Delta,57735.0
1992.0,Denver,83574.99999999999
1992.0,Dolores,43102.5
1992.0,Douglas,125375.0
1992.0,Eagle,147920.0
1992.0,El Paso,86390.0
1992.0,Elbert,95937.5
1992.0,Fremont,62362.5
1992.0,Garfield,102280.0
1992.0,Gilpin,81207.5
1992.0,Grand,91520.0
1992.0,Gunnison,92210.00000000001
1992.0,Hinsdale,91367.49999999999
1992.0,Huerfano,37342.5
1992.0,Jackson,54177.5
1992.0,Jefferson,97980.0
1992.0,Kiowa,22867.5
1992.0,Kit Carson,49997.5
1992.0,La Plata,92735.00000000001
1992.0,Lake,56202.5
1992.0,Larimer,88782.5
1992.0,Las Animas,47782.5
1992.0,Lincoln,46400.0
1992.0,Logan,48922.50000000001
1992.0,Mesa,66907.5
1992.0,Mineral,56640.0
1992.0,Moffat,63337.5
1992.0,Montezuma,61512.5
1992.0,Montrose,66479.99999999999
1992.0,Morgan,57387.5
1992.0,Otero,40660.0
1992.0,Ouray,97590.0
1992.0,Park,86310.0
1992.0,Phillips,44737.5
1992.0,Pitkin,393997.5
1992.0,Prowers,41792.50000000001
1992.0,Pueblo,53820.0
1992.0,Rio Blanco,64212.50000000001
1992.0,Rio Grande,49767.5
1992.0,Routt,106847.50000000001
1992.0,Saguache,39907.5
1992.0,San Juan,57565.00000000001
1992.0,San Miguel,142769.99999999997
1992.0,Sedgwick,32470.000000000007
1992.0,Summit,137709.99999999997
1992.0,Teller,90562.5
1992.0,Washington,41092.5
1992.0,Weld,73047.5
1992.0,Yuma,51349.99999999999
1993.0,Adams,84140.0
1993.0,Alamosa,55162.5
1993.0,Arapahoe,103842.5
1993.0,Archuleta,92515.0
1993.0,Baca,34550.0
1993.0,Bent,31262.5
1993.0,Boulder,158597.5
1993.0,Broomfield,103127.5
1993.0,Chaffee,76075.0
1993.0,Cheyenne,41507.5
1993.0,Clear Creek,103175.0
1993.0,Conejos,38675.0
1993.0,Costilla,38140.0
1993.0,Crowley,30915.0
1993.0,Custer,67137.5
1993.0,Delta,63487.5
1993.0,Denver,91015.00000000001
1993.0,Dolores,47047.5
1993.0,Douglas,136325.0
1993.0,Eagle,162665.00000000003
1993.0,El Paso,93032.5
1993.0,Elbert,105522.5
1993.0,Fremont,67237.50000000001
1993.0,Garfield,112307.5
1993.0,Gilpin,89175.0
1993.0,Grand,100642.5
1993.0,Gunnison,101399.99999999999
1993.0,Hinsdale,100477.49999999999
1993.0,Huerfano,40945.0
1993.0,Jackson,57567.49999999999
1993.0,Jefferson,105770.00000000001
1993.0,Kiowa,23782.5
1993.0,Kit Carson,53075.0
1993.0,La Plata,101220.0
1993.0,Lake,61599.99999999999
1993.0,Larimer,95832.50000000001
1993.0,Las Animas,52005.0
1993.0,Lincoln,49560.0
1993.0,Logan,52687.5
1993.0,Mesa,71324.99999999999
1993.0,Mineral,62290.0
1993.0,Moffat,67714.99999999999
1993.0,Montezuma,65830.0
1993.0,Montrose,72077.5
1993.0,Morgan,61647.5
1993.0,Otero,43597.5
1993.0,Ouray,107315.0
1993.0,Park,94630.0
1993.0,Phillips,47980.00000000001
1993.0,Pitkin,418555.0
1993.0,Prowers,44330.0
1993.0,Pueblo,55477.5
1993.0,Rio Blanco,66980.0
1993.0,Rio Grande,53502.5
1993.0,Routt,117500.0
1993.0,Saguache,43152.49999999999
1993.0,San Juan,63302.5
1993.0,San Miguel,157007.5
1993.0,Sedgwick,34907.5
1993.0,Summit,151437.5
1993.0,Teller,98647.5
1993.0,Washington,44464.99999999999
1993.0,Weld,79320.0
1993.0,Yuma,54325.0
1994.0,Adams,94620.0
1994.0,Alamosa,62502.5
1994.0,Arapahoe,116100.0
1994.0,Archuleta,105672.5
1994.0,Baca,38717.5
1994.0,Bent,35705.00000000001
1994.0,Boulder,190704.99999999997
1994.0,Broomfield,115915.0
1994.0,Chaffee,86895.00000000001
1994.0,Cheyenne,46892.50000000001
1994.0,Clear Creek,115740.0
1994.0,Conejos,43865.0
1994.0,Costilla,43077.5
1994.0,Crowley,35317.5
1994.0,Custer,76682.5
1994.0,Delta,72517.5
1994.0,Denver,102317.50000000001
1994.0,Dolores,53725.0
1994.0,Douglas,153212.5
1994.0,Eagle,185804.99999999997
1994.0,El Paso,103597.5
1994.0,Elbert,118695.00000000001
1994.0,Fremont,76597.5
1994.0,Garfield,128280.0
1994.0,Gilpin,100310.0
1994.0,Grand,114957.5
1994.0,Gunnison,115822.49999999999
1994.0,Hinsdale,114767.5
1994.0,Huerfano,46767.5
1994.0,Jackson,65050.0
1994.0,Jefferson,118690.00000000001
1994.0,Kiowa,26347.499999999996
1994.0,Kit Carson,59847.5
1994.0,La Plata,115587.5
1994.0,Lake,70362.5
1994.0,Larimer,116475.0
1994.0,Las Animas,59367.5
1994.0,Lincoln,56175.0
1994.0,Logan,60002.5
1994.0,Mesa,82447.49999999999
1994.0,Mineral,71147.5
1994.0,Moffat,76797.49999999999
1994.0,Montezuma,74702.5
1994.0,Montrose,82222.5
1994.0,Morgan,70110.0
1994.0,Otero,49532.5
1994.0,Ouray,122582.50000000001
1994.0,Park,106442.50000000001
1994.0,Phillips,54507.5
1994.0,Pitkin,471967.5
1994.0,Prowers,49967.5
1994.0,Pueblo,63725.0
1994.0,Rio Blanco,74440.0
1994.0,Rio Grande,60867.50000000001
1994.0,Routt,134212.5
1994.0,Saguache,49197.5
1994.0,San Juan,72310.0
1994.0,San Miguel,179340.00000000003
1994.0,Sedgwick,39715.0
1994.0,Summit,172980.0
1994.0,Teller,110374.99999999999
1994.0,Washington,50705.0
1994.0,Weld,94402.5
1994.0,Yuma,61057.50000000001
1995.0,Adams,102247.49999999999
1995.0,Alamosa,67690.0
1995.0,Arapahoe,125390.0
1995.0,Archuleta,114527.5
1995.0,Baca,41697.50000000001
1995.0,Bent,38700.0
1995.0,Boulder,206674.99999999997
1995.0,Broomfield,125262.5
1995.0,Chaffee,94175.0
1995.0,Cheyenne,50732.5
1995.0,Clear Creek,125070.00000000001
1995.0,Conejos,47495.00000000001
1995.0,Costilla,46617.5
1995.0,Crowley,38275.0
1995.0,Custer,83107.5
1995.0,Delta,78595.0
1995.0,Denver,110565.0
1995.0,Dolores,58225.00000000001
1995.0,Douglas,165552.49999999997
1995.0,Eagle,201372.5
1995.0,El Paso,113052.50000000001
1995.0,Elbert,128262.49999999999
1995.0,Fremont,82985.0
1995.0,Garfield,139032.5
1995.0,Gilpin,108392.5
1995.0,Grand,124589.99999999999
1995.0,Gunnison,125527.5
1995.0,Hinsdale,124382.5
1995.0,Huerfano,50685.0
1995.0,Jackson,70420.0
1995.0,Jefferson,128232.50000000001
1995.0,Kiowa,28132.5
1995.0,Kit Carson,64742.50000000001
1995.0,La Plata,125272.50000000001
1995.0,Lake,76260.0
1995.0,Larimer,127100.0
1995.0,Las Animas,64335.00000000001
1995.0,Lincoln,60837.5
1995.0,Logan,65022.50000000001
1995.0,Mesa,91150.0
1995.0,Mineral,77107.5
1995.0,Moffat,83195.0
1995.0,Montezuma,80920.0
1995.0,Montrose,89110.0
1995.0,Morgan,75952.5
1995.0,Otero,53647.5
1995.0,Ouray,132855.0
1995.0,Park,115025.0
1995.0,Phillips,59052.49999999999
1995.0,Pitkin,510365.0
1995.0,Prowers,54055.0
1995.0,Pueblo,71682.5
1995.0,Rio Blanco,79815.0
1995.0,Rio Grande,65932.5
1995.0,Routt,145457.49999999997
1995.0,Saguache,53307.5
1995.0,San Juan,78365.00000000001
1995.0,San Miguel,194365.0
1995.0,Sedgwick,43027.5
1995.0,Summit,187472.5
1995.0,Teller,120502.5
1995.0,Washington,54945.0
1995.0,Weld,105557.5
1995.0,Yuma,65937.5
1996.0,Adams,107860.0
1996.0,Alamosa,71245.0
1996.0,Arapahoe,131257.5
1996.0,Archuleta,121705.00000000001
1996.0,Baca,43437.5
1996.0,Bent,41277.49999999999
1996.0,Boulder,216427.5
1996.0,Broomfield,132352.5
1996.0,Chaffee,100572.49999999999
1996.0,Cheyenne,53105.00000000001
1996.0,Clear Creek,131975.00000000003
1996.0,Conejos,49790.0
1996.0,Costilla,48925.0
1996.0,Crowley,40712.5
1996.0,Custer,88619.99999999999
1996.0,Delta,83775.0
1996.0,Denver,116600.0
1996.0,Dolores,61662.5
1996.0,Douglas,174155.0
1996.0,Eagle,215582.5
1996.0,El Paso,123825.0
1996.0,Elbert,135987.5
1996.0,Fremont,87537.50000000001
1996.0,Garfield,148057.5
1996.0,Gilpin,114899.99999999999
1996.0,Grand,133147.49999999997
1996.0,Gunnison,133990.0
1996.0,Hinsdale,132812.5
1996.0,Huerfano,53877.5
1996.0,Jackson,74017.5
1996.0,Jefferson,134820.0
1996.0,Kiowa,29152.5
1996.0,Kit Carson,67912.5
1996.0,La Plata,133144.99999999997
1996.0,Lake,81407.5
1996.0,Larimer,135407.5
1996.0,Las Animas,68100.0
1996.0,Lincoln,64000.0
1996.0,Logan,68877.5
1996.0,Mesa,97097.5
1996.0,Mineral,82320.0
1996.0,Moffat,87837.5
1996.0,Montezuma,85310.0
1996.0,Montrose,94490.0
1996.0,Morgan,80110.0
1996.0,Otero,56435.0
1996.0,Ouray,142075.00000000003
1996.0,Park,121465.0
1996.0,Phillips,62325.0
1996.0,Pitkin,534322.5
1996.0,Prowers,56707.49999999999
1996.0,Pueblo,78335.00000000001
1996.0,Rio Blanco,83212.49999999999
1996.0,Rio Grande,69405.0
1996.0,Routt,155840.0
1996.0,Saguache,56347.5
1996.0,San Juan,83660.0
1996.0,San Miguel,207245.0
1996.0,Sedgwick,45482.5
1996.0,Summit,200470.0
1996.0,Teller,132612.5
1996.0,Washington,58107.5
1996.0,Weld,113112.5
1996.0,Yuma,68947.5
1997.0,Adams,114332.49999999999
1997.0,Alamosa,75164.99999999999
1997.0,Arapahoe,138085.0
1997.0,Archuleta,129380.0
1997.0,Baca,45265.0
1997.0,Bent,44247.5
1997.0,Boulder,231212.49999999997
1997.0,Broomfield,141027.5
1997.0,Chaffee,107972.50000000001
1997.0,Cheyenne,55550.0
1997.0,Clear Creek,140600.0
1997.0,Conejos,52067.49999999999
1997.0,Costilla,51417.50000000001
1997.0,Crowley,43380.0
1997.0,Custer,94652.5
1997.0,Delta,89472.5
1997.0,Denver,123620.0
1997.0,Dolores,65165.00000000001
1997.0,Douglas,183802.5
1997.0,Eagle,232460.0
1997.0,El Paso,129660.0
1997.0,Elbert,145040.0
1997.0,Fremont,92294.99999999999
1997.0,Garfield,158037.5
1997.0,Gilpin,122932.5
1997.0,Grand,143102.50000000003
1997.0,Gunnison,143692.5
1997.0,Hinsdale,142825.00000000003
1997.0,Huerfano,57287.5
1997.0,Jackson,77925.0
1997.0,Jefferson,142570.0
1997.0,Kiowa,30337.5
1997.0,Kit Carson,71367.5
1997.0,La Plata,141907.50000000003
1997.0,Lake,87454.99999999999
1997.0,Larimer,143475.0
1997.0,Las Animas,71970.0
1997.0,Lincoln,67407.5
1997.0,Logan,73215.0
1997.0,Mesa,103530.0
1997.0,Mineral,88229.99999999999
1997.0,Moffat,93185.0
1997.0,Montezuma,90175.00000000001
1997.0,Montrose,100357.49999999999
1997.0,Morgan,84585.0
1997.0,Otero,59335.0
1997.0,Ouray,153092.5
1997.0,Park,128867.5
1997.0,Phillips,65962.5
1997.0,Pitkin,559657.5
1997.0,Prowers,59622.49999999999
1997.0,Pueblo,83592.5
1997.0,Rio Blanco,87315.0
1997.0,Rio Grande,72975.0
1997.0,Routt,168507.5
1997.0,Saguache,59580.0
1997.0,San Juan,89930.0
1997.0,San Miguel,221712.50000000003
1997.0,Sedgwick,48220.0
1997.0,Summit,215894.99999999997
1997.0,Teller,139482.5
1997.0,Washington,61470.0
1997.0,Weld,121602.49999999999
1997.0,Yuma,72195.0
1998.0,Adams,123729.99999999999
1998.0,Alamosa,80585.0
1998.0,Arapahoe,148772.5
1998.0,Archuleta,138875.0
1998.0,Baca,47874.99999999999
1998.0,Bent,48000.0
1998.0,Boulder,247760.0
1998.0,Broomfield,153742.49999999997
1998.0,Chaffee,117062.5
1998.0,Cheyenne,58897.50000000001
1998.0,Clear Creek,153459.99999999997
1998.0,Conejos,55047.5
1998.0,Costilla,54897.5
1998.0,Crowley,46715.0
1998.0,Custer,101930.0
1998.0,Delta,96460.00000000001
1998.0,Denver,133945.0
1998.0,Dolores,69447.49999999999
1998.0,Douglas,197990.0
1998.0,Eagle,252274.99999999997
1998.0,El Paso,137672.49999999997
1998.0,Elbert,157185.0
1998.0,Fremont,98465.0
1998.0,Garfield,170515.0
1998.0,Gilpin,134232.5
1998.0,Grand,155152.5
1998.0,Gunnison,155712.5
1998.0,Hinsdale,155312.5
1998.0,Huerfano,61479.99999999999
1998.0,Jackson,83287.5
1998.0,Jefferson,154402.5
1998.0,Kiowa,32182.499999999996
1998.0,Kit Carson,76237.5
1998.0,La Plata,153245.0
1998.0,Lake,94997.5
1998.0,Larimer,152125.0
1998.0,Las Animas,76772.5
1998.0,Lincoln,72054.99999999999
1998.0,Logan,79082.5
1998.0,Mesa,110572.5
1998.0,Mineral,95377.5
1998.0,Moffat,100670.00000000001
1998.0,Montezuma,96865.00000000001
1998.0,Montrose,108007.5
1998.0,Morgan,90545.0
1998.0,Otero,63160.0
1998.0,Ouray,166410.0
1998.0,Park,139435.0
1998.0,Phillips,70945.00000000001
1998.0,Pitkin,595032.5
1998.0,Prowers,63735.0
1998.0,Pueblo,90317.5
1998.0,Rio Blanco,93657.5
1998.0,Rio Grande,77607.5
1998.0,Routt,183202.50000000003
1998.0,Saguache,63775.0
1998.0,San Juan,97782.5
1998.0,San Miguel,239910.00000000003
1998.0,Sedgwick,51925.0
1998.0,Summit,234524.99999999997
1998.0,Teller,148505.0
1998.0,Washington,65817.5
1998.0,Weld,130422.50000000001
1998.0,Yuma,76840.0
1999.0,Adams,138587.5
1999.0,Alamosa,88255.00000000001
1999.0,Arapahoe,166442.5
1999.0,Archuleta,151147.5
1999.0,Baca,51612.5
1999.0,Bent,53062.5
1999.0,Boulder,275757.50000000006
1999.0,Broomfield,174217.5
1999.0,Chaffee,128865.00000000001
1999.0,Cheyenne,63582.5
1999.0,Clear Creek,174075.0
1999.0,Conejos,59067.5
1999.0,Costilla,59837.5
1999.0,Crowley,51087.50000000001
1999.0,Custer,111130.0
1999.0,Delta,105457.50000000001
1999.0,Denver,150394.99999999997
1999.0,Dolores,74910.0
1999.0,Douglas,220622.5
1999.0,Eagle,276975.0
1999.0,El Paso,143340.0
1999.0,Elbert,175402.5
1999.0,Fremont,106732.5
1999.0,Garfield,186830.0
1999.0,Gilpin,152065.0
1999.0,Grand,170557.5
1999.0,Gunnison,171410.00000000003
1999.0,Hinsdale,172062.5
1999.0,Huerfano,66860.0
1999.0,Jackson,90795.0
1999.0,Jefferson,173680.0
1999.0,Kiowa,34980.0
1999.0,Kit Carson,83205.0
1999.0,La Plata,168517.49999999997
1999.0,Lake,105105.0
1999.0,Larimer,162847.5
1999.0,Las Animas,82992.5
1999.0,Lincoln,78539.99999999999
1999.0,Logan,87252.5
1999.0,Mesa,116387.49999999999
1999.0,Mineral,104450.0
1999.0,Moffat,111419.99999999999
1999.0,Montezuma,106287.50000000001
1999.0,Montrose,118337.5
1999.0,Morgan,98720.0
1999.0,Otero,68370.0
1999.0,Ouray,183902.49999999997
1999.0,Park,155965.0
1999.0,Phillips,77950.0
1999.0,Pitkin,645192.5
1999.0,Prowers,69620.0
1999.0,Pueblo,94490.0
1999.0,Rio Blanco,103287.5
1999.0,Rio Grande,83807.5
1999.0,Routt,201515.00000000003
1999.0,Saguache,69420.0
1999.0,San Juan,108350.0
1999.0,San Miguel,263942.5
1999.0,Sedgwick,57080.0
1999.0,Summit,258762.5
1999.0,Teller,154770.0
1999.0,Washington,71634.99999999999
1999.0,Weld,138609.99999999997
1999.0,Yuma,83522.5
2000.0,Adams,159780.0
2000.0,Alamosa,97845.0
2000.0,Arapahoe,192125.0
2000.0,Archuleta,165859.99999999997
2000.0,Baca,56212.5
2000.0,Bent,59374.99999999999
2000.0,Boulder,294280.0
2000.0,Broomfield,204677.5
2000.0,Chaffee,143312.5
2000.0,Cheyenne,69312.5
2000.0,Clear Creek,205880.0
2000.0,Conejos,63850.00000000001
2000.0,Costilla,66009.99999999999
2000.0,Crowley,56342.5
2000.0,Custer,122110.00000000001
2000.0,Delta,116277.49999999999
2000.0,Denver,173980.0
2000.0,Dolores,81290.0
2000.0,Douglas,253027.5
2000.0,Eagle,306422.5
2000.0,El Paso,153057.5
2000.0,Elbert,201045.0
2000.0,Fremont,116620.0
2000.0,Garfield,206635.0
2000.0,Gilpin,178495.0
2000.0,Grand,189302.5
2000.0,Gunnison,190777.5
2000.0,Hinsdale,194334.99999999997
2000.0,Huerfano,73235.00000000001
2000.0,Jackson,100072.5
2000.0,Jefferson,201635.0
2000.0,Kiowa,38580.0
2000.0,Kit Carson,91932.5
2000.0,La Plata,187317.50000000003
2000.0,Lake,117777.5
2000.0,Larimer,171002.5
2000.0,Las Animas,90317.50000000001
2000.0,Lincoln,86560.0
2000.0,Logan,97495.0
2000.0,Mesa,118210.00000000001
2000.0,Mineral,115330.0
2000.0,Moffat,125182.5
2000.0,Montezuma,118092.49999999999
2000.0,Montrose,130949.99999999999
2000.0,Morgan,108737.5
2000.0,Otero,74655.0
2000.0,Ouray,205782.5
2000.0,Park,179567.5
2000.0,Phillips,86725.00000000001
2000.0,Pitkin,707772.5
2000.0,Prowers,76985.0
2000.0,Pueblo,94647.5
2000.0,Rio Blanco,115812.5
2000.0,Rio Grande,91255.0
2000.0,Routt,223435.0
2000.0,Saguache,76212.49999999999
2000.0,San Juan,122512.49999999999
2000.0,San Miguel,293830.0
2000.0,Sedgwick,63492.49999999999
2000.0,Summit,288842.50000000006
2000.0,Teller,165225.0
2000.0,Washington,78664.99999999999
2000.0,Weld,139587.5
2000.0,Yuma,91907.50000000001
2001.0,Adams,177325.0
2001.0,Alamosa,105215.0
2001.0,Arapahoe,213632.5
2001.0,Archuleta,177680.0
2001.0,Baca,59702.5
2001.0,Bent,63997.5
2001.0,Boulder,300102.5
2001.0,Broomfield,229942.5
2001.0,Chaffee,154342.5
2001.0,Cheyenne,73715.0
2001.0,Clear Creek,231500.0
2001.0,Conejos,67740.0
2001.0,Costilla,70870.0
2001.0,Crowley,60157.5
2001.0,Custer,130894.99999999999
2001.0,Delta,124632.5
2001.0,Denver,193772.5
2001.0,Dolores,86447.49999999999
2001.0,Douglas,281575.0
2001.0,Eagle,330362.5
2001.0,El Paso,165370.0
2001.0,Elbert,223060.0
2001.0,Fremont,124152.5
2001.0,Garfield,222595.0
2001.0,Gilpin,200055.0
2001.0,Grand,204527.50000000003
2001.0,Gunnison,206237.49999999997
2001.0,Hinsdale,211795.0
2001.0,Huerfano,78125.0
2001.0,Jackson,107345.0
2001.0,Jefferson,225172.49999999997
2001.0,Kiowa,41365.0
2001.0,Kit Carson,98660.00000000001
2001.0,La Plata,202105.00000000003
2001.0,Lake,127227.5
2001.0,Larimer,173722.5
2001.0,Las Animas,96212.49999999999
2001.0,Lincoln,92797.5
2001.0,Logan,105297.5
2001.0,Mesa,118850.0
2001.0,Mineral,123870.0
2001.0,Moffat,135590.0
2001.0,Montezuma,127174.99999999999
2001.0,Montrose,140760.0
2001.0,Morgan,116642.5
2001.0,Otero,79567.5
2001.0,Ouray,222722.5
2001.0,Park,199412.5
2001.0,Phillips,93480.0
2001.0,Pitkin,761474.9999999999
2001.0,Prowers,82550.00000000001
2001.0,Pueblo,95207.5
2001.0,Rio Blanco,125232.49999999999
2001.0,Rio Grande,97597.50000000001
2001.0,Routt,241420.00000000003
2001.0,Saguache,81087.5
2001.0,San Juan,133667.50000000003
2001.0,San Miguel,318015.0
2001.0,Sedgwick,68272.5
2001.0,Summit,313645.0
2001.0,Teller,178342.49999999997
2001.0,Washington,84137.5
2001.0,Weld,142795.0
2001.0,Yuma,98645.00000000001
2002.0,Adams,186430.0
2002.0,Alamosa,110432.49999999999
2002.0,Arapahoe,224977.50000000003
2002.0,Archuleta,187435.0
2002.0,Baca,61650.0
2002.0,Bent,66617.49999999999
2002.0,Boulder,317110.0
2002.0,Broomfield,242960.0
2002.0,Chaffee,162515.00000000003
2002.0,Cheyenne,76187.5
2002.0,Clear Creek,243162.5
2002.0,Conejos,71240.0
2002.0,Costilla,74495.0
2002.0,Crowley,62327.5
2002.0,Custer,138272.5
2002.0,Delta,131252.5
2002.0,Denver,204214.99999999997
2002.0,Dolores,90567.5
2002.0,Douglas,300174.99999999994
2002.0,Eagle,349580.00000000006
2002.0,El Paso,174855.0
2002.0,Elbert,236947.5
2002.0,Fremont,129867.5
2002.0,Garfield,235502.5
2002.0,Gilpin,210887.5
2002.0,Grand,217080.0
2002.0,Gunnison,218002.5
2002.0,Hinsdale,223767.49999999997
2002.0,Huerfano,81930.0
2002.0,Jackson,112510.0
2002.0,Jefferson,237860.0
2002.0,Kiowa,42857.5
2002.0,Kit Carson,102634.99999999999
2002.0,La Plata,213280.0
2002.0,Lake,132975.0
2002.0,Larimer,186480.0
2002.0,Las Animas,101630.0
2002.0,Lincoln,96832.49999999999
2002.0,Logan,110515.0
2002.0,Mesa,127522.50000000001
2002.0,Mineral,130427.50000000001
2002.0,Moffat,142295.0
2002.0,Montezuma,133280.0
2002.0,Montrose,148295.00000000003
2002.0,Morgan,122522.50000000001
2002.0,Otero,83297.50000000001
2002.0,Ouray,235062.5
2002.0,Park,210382.5
2002.0,Phillips,97955.0
2002.0,Pitkin,807032.5
2002.0,Prowers,86005.0
2002.0,Pueblo,99942.5
2002.0,Rio Blanco,131285.0
2002.0,Rio Grande,103575.0
2002.0,Routt,256552.5
2002.0,Saguache,83962.5
2002.0,San Juan,141155.0
2002.0,San Miguel,336172.5
2002.0,Sedgwick,71110.00000000001
2002.0,Summit,332390.0
2002.0,Teller,188412.50000000003
2002.0,Washington,87670.0
2002.0,Weld,153950.0
2002.0,Yuma,103665.0
2003.0,Adams,193452.5
2003.0,Alamosa,113950.0
2003.0,Arapahoe,234222.50000000003
2003.0,Archuleta,193342.5
2003.0,Baca,61770.0
2003.0,Bent,67695.0
2003.0,Boulder,314135.0
2003.0,Broomfield,254352.50000000003
2003.0,Chaffee,167627.5
2003.0,Cheyenne,76582.5
2003.0,Clear Creek,253962.49999999997
2003.0,Conejos,73807.5
2003.0,Costilla,77040.0
2003.0,Crowley,62422.5
2003.0,Custer,143370.0
2003.0,Delta,135427.5
2003.0,Denver,211825.00000000003
2003.0,Dolores,92550.00000000001
2003.0,Douglas,316250.0
2003.0,Eagle,358255.0
2003.0,El Paso,181137.5
2003.0,Elbert,248137.5
2003.0,Fremont,133075.0
2003.0,Garfield,243235.0
2003.0,Gilpin,219212.5
2003.0,Grand,224769.99999999997
2003.0,Gunnison,224767.49999999997
2003.0,Hinsdale,229570.0
2003.0,Huerfano,84027.5
2003.0,Jackson,115094.99999999999
2003.0,Jefferson,247480.0
2003.0,Kiowa,43227.5
2003.0,Kit Carson,103890.00000000001
2003.0,La Plata,220992.49999999997
2003.0,Lake,134852.50000000003
2003.0,Larimer,191920.00000000003
2003.0,Las Animas,105612.5
2003.0,Lincoln,98260.0
2003.0,Logan,113727.5
2003.0,Mesa,134932.5
2003.0,Mineral,134395.0
2003.0,Moffat,147240.0
2003.0,Montezuma,136900.0
2003.0,Montrose,153982.5
2003.0,Morgan,125750.0
2003.0,Otero,85242.5
2003.0,Ouray,243565.0
2003.0,Park,218097.5
2003.0,Phillips,100522.5
2003.0,Pitkin,831960.0
2003.0,Prowers,87507.5
2003.0,Pueblo,103360.0
2003.0,Rio Blanco,135959.99999999997
2003.0,Rio Grande,107822.5
2003.0,Routt,265095.0
2003.0,Saguache,84925.00000000001
2003.0,San Juan,146275.0
2003.0,San Miguel,343910.0
2003.0,Sedgwick,72215.0
2003.0,Summit,339062.5
2003.0,Teller,194740.0
2003.0,Washington,88695.0
2003.0,Weld,158262.5
2003.0,Yuma,106672.50000000001
2004.0,Adams,194407.5
2004.0,Alamosa,115995.0
2004.0,Arapahoe,234785.0
2004.0,Archuleta,196515.0
2004.0,Baca,60975.0
2004.0,Bent,67857.5
2004.0,Boulder,322035.0
2004.0,Broomfield,257779.99999999997
2004.0,Chaffee,170332.5
2004.0,Cheyenne,76292.5
2004.0,Clear Creek,257757.5
2004.0,Conejos,75625.0
2004.0,Costilla,78910.0
2004.0,Crowley,61285.0
2004.0,Custer,147242.5
2004.0,Delta,137827.5
2004.0,Denver,211795.00000000003
2004.0,Dolores,93142.50000000001
2004.0,Douglas,319662.5
2004.0,Eagle,356080.0
2004.0,El Paso,188500.0
2004.0,Elbert,250137.5
2004.0,Fremont,134367.5
2004.0,Garfield,246127.5
2004.0,Gilpin,218905.0
2004.0,Grand,227690.0
2004.0,Gunnison,227262.5
2004.0,Hinsdale,230577.50000000003
2004.0,Huerfano,84902.49999999999
2004.0,Jackson,115977.5
2004.0,Jefferson,246755.0
2004.0,Kiowa,42830.00000000001
2004.0,Kit Carson,103714.99999999999
2004.0,La Plata,225630.0
2004.0,Lake,133755.0
2004.0,Larimer,196492.5
2004.0,Las Animas,108470.0
2004.0,Lincoln,97992.5
2004.0,Logan,115127.5
2004.0,Mesa,144774.99999999997
2004.0,Mineral,137372.5
2004.0,Moffat,150900.0
2004.0,Montezuma,138862.5
2004.0,Montrose,158524.99999999997
2004.0,Morgan,127065.0
2004.0,Otero,85897.50000000001
2004.0,Ouray,249632.5
2004.0,Park,216675.0
2004.0,Phillips,101630.0
2004.0,Pitkin,834422.4999999999
2004.0,Prowers,87600.00000000001
2004.0,Pueblo,106287.5
2004.0,Rio Blanco,139620.0
2004.0,Rio Grande,110147.5
2004.0,Routt,266827.5
2004.0,Saguache,84692.5
2004.0,San Juan,149430.0
2004.0,San Miguel,341377.50000000006
2004.0,Sedgwick,72050.0
2004.0,Summit,334010.0
2004.0,Teller,201975.0
2004.0,Washington,88177.5
2004.0,Weld,160420.00000000003
2004.0,Yuma,108027.49999999999
2005.0,Adams,200345.0
2005.0,Alamosa,120564.99999999999
2005.0,Arapahoe,238605.0
2005.0,Archuleta,205147.5
2005.0,Baca,62527.5
2005.0,Bent,70152.5
2005.0,Boulder,347892.5
2005.0,Broomfield,266382.5
2005.0,Chaffee,178060.0
2005.0,Cheyenne,79169.99999999999
2005.0,Clear Creek,267750.0
2005.0,Conejos,79340.0
2005.0,Costilla,82547.50000000001
2005.0,Crowley,62597.5
2005.0,Custer,155460.0
2005.0,Delta,143637.5
2005.0,Denver,216895.0
2005.0,Dolores,96850.0
2005.0,Douglas,326092.50000000006
2005.0,Eagle,361820.00000000006
2005.0,El Paso,204490.0
2005.0,Elbert,257015.0
2005.0,Fremont,139237.49999999997
2005.0,Garfield,254667.50000000003
2005.0,Gilpin,222930.0
2005.0,Grand,235157.5
2005.0,Gunnison,235295.00000000003
2005.0,Hinsdale,239072.5
2005.0,Huerfano,88372.5
2005.0,Jackson,120220.0
2005.0,Jefferson,250195.0
2005.0,Kiowa,43577.5
2005.0,Kit Carson,106850.0
2005.0,La Plata,235807.5
2005.0,Lake,136592.49999999997
2005.0,Larimer,199552.5
2005.0,Las Animas,114105.0
2005.0,Lincoln,101217.5
2005.0,Logan,118927.50000000001
2005.0,Mesa,156270.0
2005.0,Mineral,144945.0
2005.0,Moffat,157582.49999999997
2005.0,Montezuma,144382.5
2005.0,Montrose,166237.5
2005.0,Morgan,131212.49999999997
2005.0,Otero,89342.5
2005.0,Ouray,262032.50000000003
2005.0,Park,219894.99999999997
2005.0,Phillips,104895.00000000001
2005.0,Pitkin,845887.5
2005.0,Prowers,89985.0
2005.0,Pueblo,107597.50000000001
2005.0,Rio Blanco,146507.5
2005.0,Rio Grande,114322.49999999999
2005.0,Routt,274647.5
2005.0,Saguache,87140.0
2005.0,San Juan,155165.00000000003
2005.0,San Miguel,346802.5
2005.0,Sedgwick,73852.49999999999
2005.0,Summit,336830.0
2005.0,Teller,219395.0
2005.0,Washington,92112.5
2005.0,Weld,161300.0
2005.0,Yuma,112137.5
2006.0,Adams,204782.5
2006.0,Alamosa,123442.5
2006.0,Arapahoe,240037.5
2006.0,Archuleta,212572.5
2006.0,Baca,64487.5
2006.0,Bent,72310.0
2006.0,Boulder,365260.0
2006.0,Broomfield,275762.5
2006.0,Chaffee,184029.99999999997
2006.0,Cheyenne,81872.5
2006.0,Clear Creek,276752.49999999994
2006.0,Conejos,81615.0
2006.0,Costilla,84495.0
2006.0,Crowley,64767.5
2006.0,Custer,161204.99999999997
2006.0,Delta,147265.00000000003
2006.0,Denver,220507.5
2006.0,Dolores,100360.0
2006.0,Douglas,328172.5
2006.0,Eagle,367917.5
2006.0,El Paso,216829.99999999997
2006.0,Elbert,263342.5
2006.0,Fremont,142990.0
2006.0,Garfield,263182.5
2006.0,Gilpin,228177.5
2006.0,Grand,240180.0
2006.0,Gunnison,240839.99999999997
2006.0,Hinsdale,247557.5
2006.0,Huerfano,91137.49999999999
2006.0,Jackson,123597.5
2006.0,Jefferson,252872.5
2006.0,Kiowa,44512.5
2006.0,Kit Carson,110562.50000000001
2006.0,La Plata,244520.0
2006.0,Lake,140062.5
2006.0,Larimer,192380.0
2006.0,Las Animas,118105.0
2006.0,Lincoln,104842.5
2006.0,Logan,121650.0
2006.0,Mesa,167582.49999999997
2006.0,Mineral,150817.5
2006.0,Moffat,161910.0
2006.0,Montezuma,148517.49999999997
2006.0,Montrose,170265.00000000003
2006.0,Morgan,134172.49999999997
2006.0,Otero,92482.5
2006.0,Ouray,271172.5
2006.0,Park,225067.5
2006.0,Phillips,107010.0
2006.0,Pitkin,850967.5
2006.0,Prowers,91842.5
2006.0,Pueblo,105945.00000000001
2006.0,Rio Blanco,151177.49999999997
2006.0,Rio Grande,116090.0
2006.0,Routt,281680.0
2006.0,Saguache,89960.00000000001
2006.0,San Juan,158355.00000000003
2006.0,San Miguel,354857.49999999994
2006.0,Sedgwick,75612.5
2006.0,Summit,342197.5
2006.0,Teller,234542.5
2006.0,Washington,97010.0
2006.0,Weld,153187.5
2006.0,Yuma,115260.0
2007.0,Adams,201165.0
2007.0,Alamosa,123297.5
2007.0,Arapahoe,234480.0
2007.0,Archuleta,217380.0
2007.0,Baca,64942.49999999999
2007.0,Bent,72637.5
2007.0,Boulder,375315.0
2007.0,Broomfield,278132.5
2007.0,Chaffee,184385.0
2007.0,Cheyenne,82205.0
2007.0,Clear Creek,276349.99999999994
2007.0,Conejos,81237.5
2007.0,Costilla,84172.5
2007.0,Crowley,66225.0
2007.0,Custer,161075.00000000003
2007.0,Delta,146630.0
2007.0,Denver,216382.50000000003
2007.0,Dolores,100770.00000000001
2007.0,Douglas,319675.0
2007.0,Eagle,370272.50000000006
2007.0,El Paso,215585.0
2007.0,Elbert,263147.5
2007.0,Fremont,141577.5
2007.0,Garfield,269422.5
2007.0,Gilpin,228807.5
2007.0,Grand,240792.5
2007.0,Gunnison,242585.0
2007.0,Hinsdale,250565.0
2007.0,Huerfano,91190.0
2007.0,Jackson,124175.0
2007.0,Jefferson,248870.0
2007.0,Kiowa,44694.99999999999
2007.0,Kit Carson,111869.99999999999
2007.0,La Plata,248424.99999999997
2007.0,Lake,140882.5
2007.0,Larimer,185047.5
2007.0,Las Animas,118902.5
2007.0,Lincoln,105687.5
2007.0,Logan,122187.5
2007.0,Mesa,182454.99999999997
2007.0,Mineral,151490.0
2007.0,Moffat,162714.99999999997
2007.0,Montezuma,149650.0
2007.0,Montrose,169620.0
2007.0,Morgan,135247.5
2007.0,Otero,92382.50000000001
2007.0,Ouray,273142.50000000006
2007.0,Park,226515.00000000003
2007.0,Phillips,106935.0
2007.0,Pitkin,853797.5
2007.0,Prowers,91872.5
2007.0,Pueblo,103117.49999999999
2007.0,Rio Blanco,154077.5
2007.0,Rio Grande,114450.0
2007.0,Routt,283282.49999999994
2007.0,Saguache,91617.49999999999
2007.0,San Juan,157937.5
2007.0,San Miguel,361657.49999999994
2007.0,Sedgwick,75919.99999999999
2007.0,Summit,347445.00000000006
2007.0,Teller,235142.49999999997
2007.0,Washington,98252.50000000001
2007.0,Weld,142240.0
2007.0,Yuma,115642.50000000001
2008.0,Adams,179349.99999999997
2008.0,Alamosa,113502.5
2008.0,Arapahoe,209147.5
2008.0,Archuleta,206120.0
2008.0,Baca,60122.49999999999
2008.0,Bent,67164.99999999999
2008.0,Boulder,354135.0
2008.0,Broomfield,254605.0
2008.0,Chaffee,170765.0
2008.0,Cheyenne,76745.0
2008.0,Clear Creek,246340.0
2008.0,Conejos,74667.5
2008.0,Costilla,78050.0
2008.0,Crowley,62462.5
2008.0,Custer,149397.5
2008.0,Delta,135807.5
2008.0,Denver,193275.00000000003
2008.0,Dolores,93675.0
2008.0,Douglas,284304.99999999994
2008.0,Eagle,345960.00000000006
2008.0,El Paso,203692.5
2008.0,Elbert,237915.00000000003
2008.0,Fremont,127870.0
2008.0,Garfield,255787.50000000003
2008.0,Gilpin,207714.99999999997
2008.0,Grand,223795.00000000003
2008.0,Gunnison,227940.0
2008.0,Hinsdale,234592.50000000003
2008.0,Huerfano,83919.99999999999
2008.0,Jackson,115627.5
2008.0,Jefferson,223262.50000000003
2008.0,Kiowa,41920.0
2008.0,Kit Carson,103692.5
2008.0,La Plata,233500.0
2008.0,Lake,131547.5
2008.0,Larimer,174847.49999999997
2008.0,Las Animas,110759.99999999999
2008.0,Lincoln,98085.00000000001
2008.0,Logan,114130.0
2008.0,Mesa,180522.49999999997
2008.0,Mineral,140012.5
2008.0,Moffat,152200.0
2008.0,Montezuma,141007.50000000003
2008.0,Montrose,156987.5
2008.0,Morgan,126847.5
2008.0,Otero,83780.0
2008.0,Ouray,255269.99999999997
2008.0,Park,207322.5
2008.0,Phillips,99820.0
2008.0,Pitkin,803212.5
2008.0,Prowers,85375.0
2008.0,Pueblo,94412.5
2008.0,Rio Blanco,146387.5
2008.0,Rio Grande,104347.5
2008.0,Routt,261560.0
2008.0,Saguache,86817.5
2008.0,San Juan,147157.5
2008.0,San Miguel,342250.0
2008.0,Sedgwick,70752.5
2008.0,Summit,327707.5
2008.0,Teller,220957.49999999997
2008.0,Washington,90100.00000000001
2008.0,Weld,128390.00000000001
2008.0,Yuma,107665.0
2009.0,Adams,177867.5
2009.0,Alamosa,108020.0
2009.0,Arapahoe,206207.5
2009.0,Archuleta,199227.5
2009.0,Baca,57847.50000000001
2009.0,Bent,63932.50000000001
2009.0,Boulder,342655.00000000006
2009.0,Broomfield,258880.0
2009.0,Chaffee,164580.0
2009.0,Cheyenne,74585.0
2009.0,Clear Creek,239412.50000000003
2009.0,Conejos,71080.0
2009.0,Costilla,75325.0
2009.0,Crowley,60162.5
2009.0,Custer,145607.50000000003
2009.0,Delta,131985.0
2009.0,Denver,192637.5
2009.0,Dolores,91862.5
2009.0,Douglas,283445.0
2009.0,Eagle,334135.0
2009.0,El Paso,187865.0
2009.0,Elbert,236067.49999999997
2009.0,Fremont,120695.0
2009.0,Garfield,250517.49999999997
2009.0,Gilpin,205492.5
2009.0,Grand,214972.5
2009.0,Gunnison,220895.0
2009.0,Hinsdale,228155.0
2009.0,Huerfano,80010.0
2009.0,Jackson,112250.00000000001
2009.0,Jefferson,222220.00000000003
2009.0,Kiowa,41122.49999999999
2009.0,Kit Carson,99542.5
2009.0,La Plata,227415.0
2009.0,Lake,128037.50000000003
2009.0,Larimer,156630.0
2009.0,Las Animas,106880.0
2009.0,Lincoln,94330.0
2009.0,Logan,110352.49999999999
2009.0,Mesa,155175.0
2009.0,Mineral,134120.0
2009.0,Moffat,147877.5
2009.0,Montezuma,138282.49999999997
2009.0,Montrose,152240.0
2009.0,Morgan,122632.50000000001
2009.0,Otero,77697.5
2009.0,Ouray,249717.49999999997
2009.0,Park,207472.5
2009.0,Phillips,97332.5
2009.0,Pitkin,779750.0
2009.0,Prowers,82182.5
2009.0,Pueblo,84292.49999999999
2009.0,Rio Blanco,145852.5
2009.0,Rio Grande,99127.5
2009.0,Routt,248712.5
2009.0,Saguache,84597.50000000001
2009.0,San Juan,142727.5
2009.0,San Miguel,332942.50000000006
2009.0,Sedgwick,68927.50000000001
2009.0,Summit,316424.99999999994
2009.0,Teller,198935.0
2009.0,Washington,85635.0
2009.0,Weld,113442.5
2009.0,Yuma,104472.5
2010.0,Adams,188765.0
2010.0,Alamosa,112725.0
2010.0,Arapahoe,217050.0
2010.0,Archuleta,203750.0
2010.0,Baca,61255.0
2010.0,Bent,66437.5
2010.0,Boulder,358202.5
2010.0,Broomfield,282145.00000000006
2010.0,Chaffee,172592.49999999997
2010.0,Cheyenne,78572.5
2010.0,Clear Creek,252405.0
2010.0,Conejos,74135.0
2010.0,Costilla,79587.5
2010.0,Crowley,63045.0
2010.0,Custer,153327.50000000003
2010.0,Delta,139345.00000000003
2010.0,Denver,206522.49999999997
2010.0,Dolores,98590.0
2010.0,Douglas,304299.99999999994
2010.0,Eagle,348937.5
2010.0,El Paso,195204.99999999997
2010.0,Elbert,250332.49999999997
2010.0,Fremont,126997.5
2010.0,Garfield,261470.00000000003
2010.0,Gilpin,216167.50000000003
2010.0,Grand,223127.5
2010.0,Gunnison,231012.5
2010.0,Hinsdale,240777.49999999997
2010.0,Huerfano,83635.0
2010.0,Jackson,119635.0
2010.0,Jefferson,236830.0
2010.0,Kiowa,43892.50000000001
2010.0,Kit Carson,104587.5
2010.0,La Plata,239562.5
2010.0,Lake,135022.5
2010.0,Larimer,153680.0
2010.0,Las Animas,111735.0
2010.0,Lincoln,99062.5
2010.0,Logan,115515.0
2010.0,Mesa,137982.5
2010.0,Mineral,139870.0
2010.0,Moffat,155815.0
2010.0,Montezuma,145672.5
2010.0,Montrose,160670.0
2010.0,Morgan,127752.5
2010.0,Otero,79350.0
2010.0,Ouray,265015.00000000006
2010.0,Park,220792.50000000003
2010.0,Phillips,103657.50000000001
2010.0,Pitkin,806910.0
2010.0,Prowers,85792.49999999999
2010.0,Pueblo,82350.0
2010.0,Rio Blanco,156940.00000000003
2010.0,Rio Grande,103152.5
2010.0,Routt,257467.49999999997
2010.0,Saguache,88237.50000000001
2010.0,San Juan,149287.5
2010.0,San Miguel,350197.5
2010.0,Sedgwick,73832.5
2010.0,Summit,327147.50000000006
2010.0,Teller,204002.5
2010.0,Washington,90824.99999999999
2010.0,Weld,109157.5
2010.0,Yuma,110547.5
2011.0,Adams,186950.0
2011.0,Alamosa,111337.5
2011.0,Arapahoe,213752.5
2011.0,Archuleta,195312.5
2011.0,Baca,61735.00000000001
2011.0,Bent,66015.0
2011.0,Boulder,359742.5
2011.0,Broomfield,287405.0
2011.0,Chaffee,170260.0
2011.0,Cheyenne,77322.5
2011.0,Clear Creek,250277.50000000003
2011.0,Conejos,74075.0
2011.0,Costilla,79905.0
2011.0,Crowley,63142.5
2011.0,Custer,151522.5
2011.0,Delta,138537.5
2011.0,Denver,205822.5
2011.0,Dolores,99875.00000000001
2011.0,Douglas,306737.49999999994
2011.0,Eagle,340352.49999999994
2011.0,El Paso,186722.5
2011.0,Elbert,249595.0
2011.0,Fremont,128092.5
2011.0,Garfield,255187.5
2011.0,Gilpin,214452.5
2011.0,Grand,217712.49999999997
2011.0,Gunnison,226222.5
2011.0,Hinsdale,238702.5
2011.0,Huerfano,83317.5
2011.0,Jackson,121345.0
2011.0,Jefferson,234567.5
2011.0,Kiowa,43332.5
2011.0,Kit Carson,104520.00000000001
2011.0,La Plata,235350.00000000003
2011.0,Lake,133792.5
2011.0,Larimer,152927.5
2011.0,Las Animas,110650.0
2011.0,Lincoln,99267.5
2011.0,Logan,114082.50000000001
2011.0,Mesa,123695.0
2011.0,Mineral,139125.0
2011.0,Moffat,155792.50000000003
2011.0,Montezuma,143637.5
2011.0,Montrose,157940.0
2011.0,Morgan,126140.00000000001
2011.0,Otero,78580.0
2011.0,Ouray,261467.50000000003
2011.0,Park,221112.5
2011.0,Phillips,106037.5
2011.0,Pitkin,781410.0
2011.0,Prowers,84570.0
2011.0,Pueblo,80072.5
2011.0,Rio Blanco,155925.0
2011.0,Rio Grande,101727.5
2011.0,Routt,251385.0
2011.0,Saguache,87320.0
2011.0,San Juan,146477.5
2011.0,San Miguel,346142.5
2011.0,Sedgwick,75507.5
2011.0,Summit,315102.5
2011.0,Teller,197325.0
2011.0,Washington,92310.0
2011.0,Weld,107720.0
2011.0,Yuma,111202.5
2012.0,Adams,201817.50000000003
2012.0,Alamosa,119210.0
2012.0,Arapahoe,229960.0
2012.0,Archuleta,208792.5
2012.0,Baca,66542.49999999999
2012.0,Bent,70742.49999999999
2012.0,Boulder,382260.00000000006
2012.0,Broomfield,317547.5
2012.0,Chaffee,183867.49999999997
2012.0,Cheyenne,80695.0
2012.0,Clear Creek,269092.5
2012.0,Conejos,81152.5
2012.0,Costilla,87082.50000000001
2012.0,Crowley,69355.0
2012.0,Custer,163852.5
2012.0,Delta,151045.00000000003
2012.0,Denver,222120.0
2012.0,Dolores,110994.99999999999
2012.0,Douglas,338532.5
2012.0,Eagle,364352.5
2012.0,El Paso,199285.0
2012.0,Elbert,272137.50000000006
2012.0,Fremont,140015.0
2012.0,Garfield,273349.99999999994
2012.0,Gilpin,233422.49999999997
2012.0,Grand,235195.0
2012.0,Gunnison,242055.0
2012.0,Hinsdale,258675.0
2012.0,Huerfano,90317.49999999999
2012.0,Jackson,133262.5
2012.0,Jefferson,252440.0
2012.0,Kiowa,44417.50000000001
2012.0,Kit Carson,113002.5
2012.0,La Plata,251237.5
2012.0,Lake,148605.00000000003
2012.0,Larimer,166417.5
2012.0,Las Animas,120270.0
2012.0,Lincoln,107755.0
2012.0,Logan,122867.5
2012.0,Mesa,129490.00000000001
2012.0,Mineral,152380.0
2012.0,Moffat,170512.5
2012.0,Montezuma,154795.00000000003
2012.0,Montrose,169202.50000000003
2012.0,Morgan,136992.5
2012.0,Otero,85205.0
2012.0,Ouray,279732.49999999994
2012.0,Park,241492.5
2012.0,Phillips,118282.5
2012.0,Pitkin,837610.0
2012.0,Prowers,90975.00000000001
2012.0,Pueblo,82575.0
2012.0,Rio Blanco,167077.5
2012.0,Rio Grande,109892.50000000001
2012.0,Routt,271197.5
2012.0,Saguache,94530.0
2012.0,San Juan,159972.5
2012.0,San Miguel,371742.5
2012.0,Sedgwick,82880.0
2012.0,Summit,335765.0
2012.0,Teller,212900.0
2012.0,Washington,101422.5
2012.0,Weld,116897.5
2012.0,Yuma,121557.5
2013.0,Adams,220935.0
2013.0,Alamosa,129905.0
2013.0,Arapahoe,251450.0
2013.0,Archuleta,229750.0
2013.0,Baca,72680.0
2013.0,Bent,76699.99999999999
2013.0,Boulder,404525.0
2013.0,Broomfield,351900.0
2013.0,Chaffee,201615.0
2013.0,Cheyenne,86655.0
2013.0,Clear Creek,295865.0
2013.0,Conejos,89449.99999999999
2013.0,Costilla,95495.0
2013.0,Crowley,76870.0
2013.0,Custer,179485.0
2013.0,Delta,166260.0
2013.0,Denver,242630.0
2013.0,Dolores,124065.0
2013.0,Douglas,375230.0
2013.0,Eagle,399429.99999999994
2013.0,El Paso,214390.0
2013.0,Elbert,299790.0
2013.0,Fremont,153745.0
2013.0,Garfield,298455.00000000006
2013.0,Gilpin,256640.0
2013.0,Grand,259300.0
2013.0,Gunnison,264315.0
2013.0,Hinsdale,285940.0
2013.0,Huerfano,98530.0
2013.0,Jackson,147600.0
2013.0,Jefferson,276100.0
2013.0,Kiowa,46849.99999999999
2013.0,Kit Carson,123539.99999999999
2013.0,La Plata,273720.0
2013.0,Lake,167985.0
2013.0,Larimer,191630.0
2013.0,Las Animas,132000.0
2013.0,Lincoln,117610.0
2013.0,Logan,134370.0
2013.0,Mesa,151385.0
2013.0,Mineral,168180.0
2013.0,Moffat,188120.0
2013.0,Montezuma,169640.0
2013.0,Montrose,184990.0
2013.0,Morgan,150385.0
2013.0,Otero,93005.0
2013.0,Ouray,305284.99999999994
2013.0,Park,266125.0
2013.0,Phillips,130785.00000000003
2013.0,Pitkin,918400.0
2013.0,Prowers,99445.0
2013.0,Pueblo,92030.0
2013.0,Rio Blanco,181995.0
2013.0,Rio Grande,120430.0
2013.0,Routt,299409.99999999994
2013.0,Saguache,103500.0
2013.0,San Juan,177495.0
2013.0,San Miguel,404790.0
2013.0,Sedgwick,90990.00000000001
2013.0,Summit,368909.99999999994
2013.0,Teller,229920.00000000003
2013.0,Washington,112125.0
2013.0,Weld,136360.0
2013.0,Yuma,133355.00000000003
